{
  "format_version": "1.8.0",
  "animations": {
    "animation.abohead.abohead.walk": {
      "loop": "loop",
      "animation_length": 0.6667,
      "bones": {
        "jointLC1": {
          "rotation": {
            "x": {
              "0.0000": 4.3446,
              "0.1333": 5.232274,
              "0.5723": 4.376304,
              "0.6167": 4.011639,
              "0.6667": 4.3446
            }
          }
        },
        "jointLB2": {
          "rotation": {
            "x": {
              "0.0000": 2.8442,
              "0.3556": -3.535195,
              "0.6167": 3.74119,
              "0.6667": 2.8442
            }
          }
        },
        "jointLA2": {
          "rotation": {
            "x": {
              "0.0000": 2.8442,
              "0.3556": -3.535195,
              "0.6167": 3.74119,
              "0.6667": 2.8442
            }
          }
        },
        "jointLC3": {
          "rotation": {
            "y": {
              "0.0000": -5.264,
              "0.2167": -3.681114,
              "0.6167": -5.629225,
              "0.6667": -5.264
            }
          }
        },
        "jointLB1": {
          "rotation": {
            "y": {
              "0.0000": -4.3446,
              "0.1333": -5.232274,
              "0.5723": -4.376304,
              "0.6167": -4.011639,
              "0.6667": -4.3446
            }
          }
        },
        "jointLB3": {
          "rotation": {
            "y": {
              "0.0000": -4.3446,
              "0.1333": -5.232274,
              "0.5723": -4.376304,
              "0.6167": -4.011639,
              "0.6667": -4.3446
            }
          }
        },
        "jointLE1": {
          "rotation": {
            "y": {
              "0.0000": -4.3446,
              "0.1333": -5.232274,
              "0.5723": -4.376304,
              "0.6167": -4.011639,
              "0.6667": -4.3446
            }
          }
        },
        "jointLE3": {
          "rotation": {
            "y": {
              "0.0000": -4.3446,
              "0.1333": -5.232274,
              "0.5723": -4.376304,
              "0.6167": -4.011639,
              "0.6667": -4.3446
            }
          }
        },
        "jointLD1": {
          "rotation": {
            "y": {
              "0.0000": 4.3446,
              "0.1333": 5.232274,
              "0.5723": 4.376304,
              "0.6167": 4.011639,
              "0.6667": 4.3446
            }
          }
        },
        "jointLD3": {
          "rotation": {
            "y": {
              "0.0000": -4.3446,
              "0.1333": -5.232274,
              "0.5723": -4.376304,
              "0.6167": -4.011639,
              "0.6667": -4.3446
            }
          }
        },
        "jointLA1": {
          "rotation": {
            "y": {
              "0.0000": 4.3446,
              "0.1333": 5.232274,
              "0.5723": 4.376304,
              "0.6167": 4.011639,
              "0.6667": 4.3446
            }
          }
        },
        "jointLA3": {
          "rotation": {
            "y": {
              "0.0000": 4.3446,
              "0.1333": 5.232274,
              "0.5723": 4.376304,
              "0.6167": 4.011639,
              "0.6667": 4.3446
            }
          }
        },
        "jointLF1": {
          "rotation": {
            "y": {
              "0.0000": 4.3446,
              "0.1333": 5.232274,
              "0.5723": 4.376304,
              "0.6167": 4.011639,
              "0.6667": 4.3446
            }
          }
        },
        "jointLF3": {
          "rotation": {
            "y": {
              "0.0000": -4.3446,
              "0.1333": -5.232274,
              "0.5723": -4.376304,
              "0.6167": -4.011639,
              "0.6667": -4.3446
            }
          }
        },
        "jointLC2": {
          "rotation": {
            "z": {
              "0.0000": -2.8442,
              "0.3556": 3.535195,
              "0.6167": -3.74119,
              "0.6667": -2.8442
            }
          }
        },
        "jointLE2": {
          "rotation": {
            "z": {
              "0.0000": 2.8442,
              "0.3556": -3.535195,
              "0.6167": 3.74119,
              "0.6667": 2.8442
            }
          }
        },
        "jointLD2": {
          "rotation": {
            "z": {
              "0.0000": -2.8442,
              "0.3556": 3.535195,
              "0.6167": -3.74119,
              "0.6667": -2.8442
            }
          }
        },
        "jointLF2": {
          "rotation": {
            "z": {
              "0.0000": -2.8442,
              "0.3556": 3.535195,
              "0.6167": -3.74119,
              "0.6667": -2.8442
            }
          }
        },
        "mainbody": {
          "position": {
            "y": {
              "0.0000": -0.504,
              "0.4278": 0.504126,
              "0.6611": -0.506925,
              "0.6667": -0.504
            }
          }
        }
      }
    }
  }
}