{
  "format_version": "1.8.0",
  "animations": {
    "animation.emanaadapted.emanaadapted.idle": {
      "loop": "loop",
      "animation_length": 4.0,
      "bones": {
        "tentacleL_1": {
          "rotation": {
            "x": {
              "0.0000": 0.0,
              "0.9333": 2.965453,
              "1.3000": 3.6103,
              "1.6667": 3.819158,
              "2.0333": 3.567059,
              "2.4333": 2.803457,
              "3.5333": -0.409249,
              "3.6667": -0.492529,
              "4.0000": 0.0
            }
          }
        },
        "tentacle1L_1": {
          "rotation": {
            "x": {
              "0.0000": 0.0,
              "0.9333": 3.336147,
              "1.3000": 4.0615,
              "1.6667": 4.296553,
              "2.0333": 4.012954,
              "2.4333": 3.153951,
              "3.5333": -0.460389,
              "3.6667": -0.554087,
              "4.0000": 0.0
            }
          }
        },
        "tentacle2L_1": {
          "rotation": {
            "x": {
              "0.0000": 0.0,
              "0.9333": 4.448229,
              "1.3000": 5.4154,
              "1.6667": 5.728737,
              "2.0333": 5.350639,
              "2.4333": 4.205235,
              "3.5333": -0.613873,
              "3.6667": -0.738798,
              "3.9500": -0.238307,
              "4.0000": 0.0
            }
          }
        },
        "tentacle3L_1": {
          "rotation": {
            "x": {
              "0.0000": 0.0,
              "0.9333": 8.896459,
              "1.3000": 10.8308,
              "1.5000": 11.3435,
              "1.6667": 11.457509,
              "2.0333": 10.701278,
              "2.4333": 8.41037,
              "3.5333": -1.227708,
              "3.6667": -1.477571,
              "3.9500": -0.476613,
              "4.0000": 0.0
            }
          }
        },
        "tentacleR_1": {
          "rotation": {
            "x": {
              "0.0000": 0.0,
              "0.9333": 2.965453,
              "1.3000": 3.6103,
              "1.6667": 3.819158,
              "2.0333": 3.567059,
              "2.4333": 2.803457,
              "3.5333": -0.409249,
              "3.6667": -0.492529,
              "4.0000": 0.0
            }
          }
        },
        "tentacle1R_1": {
          "rotation": {
            "x": {
              "0.0000": 0.0,
              "0.9333": 3.336147,
              "1.3000": 4.0615,
              "1.6667": 4.296553,
              "2.0333": 4.012954,
              "2.4333": 3.153951,
              "3.5333": -0.460389,
              "3.6667": -0.554087,
              "4.0000": 0.0
            }
          }
        },
        "tentacle2R_1": {
          "rotation": {
            "x": {
              "0.0000": 0.0,
              "0.9333": 4.448229,
              "1.3000": 5.4154,
              "1.6667": 5.728737,
              "2.0333": 5.350639,
              "2.4333": 4.205235,
              "3.5333": -0.613873,
              "3.6667": -0.738798,
              "3.9500": -0.238307,
              "4.0000": 0.0
            }
          }
        },
        "tentacle3R_1": {
          "rotation": {
            "x": {
              "0.0000": 0.0,
              "0.9333": 8.896459,
              "1.3000": 10.8308,
              "1.5000": 11.3435,
              "1.6667": 11.457509,
              "2.0333": 10.701278,
              "2.4333": 8.41037,
              "3.5333": -1.227708,
              "3.6667": -1.477571,
              "3.9500": -0.476613,
              "4.0000": 0.0
            }
          }
        }
      }
    }
  }
}