{
  "format_version": "1.8.0",
  "animations": {
    "animation.inhoom.inhoom.idle": {
      "loop": "loop",
      "animation_length": 4.0,
      "bones": {
        "jointRM": {
          "rotation": {
            "y": {
              "0.0000": -0.0,
              "0.6000": -2.3468,
              "0.8667": -2.816341,
              "1.1000": -2.8137,
              "1.5333": -1.819638,
              "2.4667": 2.065145,
              "2.7000": 2.6471,
              "2.9333": 2.864248,
              "3.1333": 2.735954,
              "3.3333": 2.292517,
              "4.0000": -0.0
            }
          }
        },
        "jointLM": {
          "rotation": {
            "y": {
              "0.0000": 0.0,
              "0.6000": 2.3468,
              "0.8667": 2.816341,
              "1.1000": 2.8137,
              "1.5333": 1.819638,
              "2.4667": -2.065145,
              "2.7000": -2.6471,
              "2.9333": -2.864248,
              "3.1333": -2.735954,
              "3.3333": -2.292517,
              "4.0000": 0.0
            }
          }
        },
        "jointRMB": {
          "rotation": {
            "y": {
              "0.0000": -0.0,
              "0.3667": -9.342737,
              "0.5333": -11.265213,
              "0.6000": -11.4585,
              "0.6667": -11.307702,
              "0.9333": -7.511783,
              "1.5333": 8.571288,
              "1.7000": 10.9728,
              "1.8000": 11.4531,
              "1.8667": 11.345099,
              "2.1333": 7.696863,
              "2.7333": -8.404946,
              "3.0333": -11.452304,
              "3.3000": -8.129457,
              "3.6667": 0.136417,
              "3.8000": 1.76395,
              "3.9500": 1.273894,
              "4.0000": -0.0
            }
          }
        },
        "jointLMB": {
          "rotation": {
            "y": {
              "0.0000": 0.0,
              "0.3667": 9.342737,
              "0.5333": 11.265213,
              "0.6000": 11.4585,
              "0.6667": 11.307702,
              "0.9333": 7.511783,
              "1.5333": -8.571288,
              "1.7000": -10.9728,
              "1.8000": -11.4531,
              "1.8667": -11.345099,
              "2.1333": -7.696863,
              "2.7333": 8.404946,
              "3.0333": 11.452304,
              "3.3000": 8.129457,
              "3.6667": -0.136417,
              "3.8000": -1.76395,
              "3.9500": -1.273894,
              "4.0000": 0.0
            }
          }
        },
        "jointLRX": {
          "rotation": {
            "x": {
              "0.0000": 0.0,
              "0.2333": 4.603965,
              "0.3333": 5.568508,
              "0.4333": 5.653486,
              "1.0000": -4.3362,
              "1.2000": -5.7076,
              "1.8000": 4.5474,
              "1.9667": 5.728611,
              "2.1333": 4.457074,
              "2.5333": -3.728151,
              "2.7333": -5.717924,
              "2.9333": -4.269129,
              "3.4333": -4.028173,
              "3.8000": -2.834831,
              "3.9500": -0.986705,
              "4.0000": 0.0
            }
          }
        },
        "jointLRY": {
          "rotation": {
            "y": {
              "0.0000": -0.0,
              "0.8667": -8.733754,
              "1.2333": -10.812676,
              "1.5667": -11.459006,
              "1.7333": -11.308032,
              "1.9333": -10.714197,
              "2.3333": -8.285861,
              "3.5000": 2.333879,
              "3.5667": 2.369193,
              "3.6333": 2.289138,
              "3.9500": 0.503851,
              "4.0000": -0.0
            }
          }
        },
        "jointLR1": {
          "rotation": {
            "z": {
              "0.0000": -0.0,
              "0.2333": -4.603965,
              "0.3333": -5.568508,
              "0.4333": -5.653486,
              "1.0000": 4.3362,
              "1.2000": 5.7076,
              "1.8000": -4.5474,
              "1.9667": -5.728611,
              "2.1333": -4.457074,
              "2.5333": 3.728151,
              "2.7333": 5.717924,
              "2.9333": 4.269129,
              "3.4333": 4.028173,
              "3.8000": 2.834831,
              "3.9500": 0.986705,
              "4.0000": -0.0
            }
          }
        },
        "jointRRX": {
          "rotation": {
            "x": {
              "0.0000": -0.0,
              "0.8667": -8.733754,
              "1.2333": -10.812676,
              "1.5667": -11.459006,
              "1.7333": -11.308032,
              "1.9333": -10.714197,
              "2.3333": -8.285861,
              "3.5000": 2.333879,
              "3.5667": 2.369193,
              "3.6333": 2.289138,
              "3.9500": 0.503851,
              "4.0000": -0.0
            }
          }
        },
        "jointRRY": {
          "rotation": {
            "y": {
              "0.0000": 0.0,
              "0.2333": 4.603965,
              "0.3333": 5.568508,
              "0.4333": 5.653486,
              "1.0000": -4.3362,
              "1.2000": -5.7076,
              "1.8000": 4.5474,
              "1.9667": 5.728611,
              "2.1333": 4.457074,
              "2.5333": -3.728151,
              "2.7333": -5.717924,
              "2.9333": -4.269129,
              "3.4333": -4.028173,
              "3.8000": -2.834831,
              "3.9500": -0.986705,
              "4.0000": 0.0
            }
          }
        },
        "jointRR1": {
          "rotation": {
            "z": {
              "0.0000": 0.0,
              "0.8667": 8.733754,
              "1.2333": 10.812676,
              "1.5667": 11.459006,
              "1.7333": 11.308032,
              "1.9333": 10.714197,
              "2.3333": 8.285861,
              "3.5000": -2.333879,
              "3.5667": -2.369193,
              "3.6333": -2.289138,
              "3.9500": -0.503851,
              "4.0000": 0.0
            }
          }
        },
        "jointLAX": {
          "rotation": {
            "z": {
              "0.0000": -0.0,
              "0.2333": -9.20803,
              "0.3333": -11.137117,
              "0.4000": -11.4543,
              "1.0000": 8.6723,
              "1.2000": 11.4152,
              "1.8000": -9.0948,
              "1.9667": -11.457222,
              "2.1333": -8.914148,
              "2.5333": 7.456202,
              "2.7333": 11.435848,
              "2.9333": 8.538161,
              "3.4333": 8.056297,
              "3.8000": 5.669698,
              "3.9500": 1.973431,
              "4.0000": -0.0
            }
          }
        },
        "jointLA1": {
          "rotation": {
            "z": {
              "0.0000": -0.0,
              "0.8667": -13.100581,
              "1.2333": -16.219014,
              "1.5667": -17.188458,
              "1.7333": -16.962097,
              "1.9333": -16.071346,
              "2.3333": -12.428691,
              "3.5000": 3.500795,
              "3.5667": 3.553765,
              "3.6333": 3.433686,
              "3.9500": 0.755774,
              "4.0000": -0.0
            }
          }
        },
        "jointRAX": {
          "rotation": {
            "z": {
              "0.0000": 0.0,
              "0.8667": 13.100581,
              "1.2333": 16.219014,
              "1.5667": 17.188458,
              "1.7333": 16.962097,
              "1.9333": 16.071346,
              "2.3333": 12.428691,
              "3.5000": -3.500795,
              "3.5667": -3.553765,
              "3.6333": -3.433686,
              "3.9500": -0.755774,
              "4.0000": 0.0
            }
          }
        },
        "jointRA1": {
          "rotation": {
            "z": {
              "0.0000": 0.0,
              "0.2333": 9.20803,
              "0.3333": 11.137117,
              "0.4000": 11.4543,
              "1.0000": -8.6723,
              "1.2000": -11.4152,
              "1.8000": 9.0948,
              "1.9667": 11.457222,
              "2.1333": 8.914148,