{
  "format_version": "1.8.0",
  "animations": {
    "animation.mes.mes.walk": {
      "loop": "loop",
      "animation_length": 0.6667,
      "bones": {
        "jointLLX": {
          "rotation": {
            "x": {
              "0.0000": 11.0552,
              "0.5667": 7.112561,
              "0.6167": 11.403059,
              "0.6667": 11.0552
            }
          }
        },
        "jointLL2": {
          "rotation": {
            "x": {
              "0.0000": -0.4877,
              "0.1389": -1.48684,
              "0.2111": -1.603848,
              "0.5778": -0.574435,
              "0.6167": -0.128039,
              "0.6667": -0.4877
            }
          }
        },
        "jointLL3": {
          "rotation": {
            "x": {
              "0.0000": 5.615,
              "0.2389": 4.136396,
              "0.6167": 5.924461,
              "0.6667": 5.615
            }
          }
        },
        "jointRLX": {
          "rotation": {
            "x": {
              "0.0000": 4.9876,
              "0.5667": 8.930239,
              "0.6167": 4.639741,
              "0.6667": 4.9876
            }
          }
        },
        "jointRL2": {
          "rotation": {
            "x": {
              "0.0000": 8.5091,
              "0.1389": 9.50824,
              "0.2111": 9.625248,
              "0.5778": 8.595835,
              "0.6167": 8.149439,
              "0.6667": 8.5091
            }
          }
        },
        "jointRL3": {
          "rotation": {
            "x": {
              "0.0000": -5.615,
              "0.2389": -4.136396,
              "0.6167": -5.924461,
              "0.6667": -5.615
            }
          }
        },
        "mainbody": {
          "position": {
            "y": {
              "0.0000": 0.56,
              "0.5000": -0.519275,
              "0.6167": 0.667928,
              "0.6667": 0.56
            }
          }
        }
      }
    }
  }
}