{
  "format_version": "1.8.0",
  "animations": {
    "animation.cruxb.cruxb.walk": {
      "loop": "loop",
      "animation_length": 0.6667,
      "bones": {
        "jointright": {
          "rotation": {
            "y": {
              "0.0000": 2.8075,
              "0.3834": -2.805372,
              "0.6167": 3.539486,
              "0.6667": 2.8075
            }
          }
        },
        "jointright1": {
          "rotation": {
            "y": {
              "0.0000": 2.8075,
              "0.3834": -2.805372,
              "0.6167": 3.539486,
              "0.6667": 2.8075
            }
          }
        },
        "jointright2": {
          "rotation": {
            "y": {
              "0.0000": 3.9305,
              "0.3834": -3.927421,
              "0.6167": 4.955268,
              "0.6667": 3.9305
            }
          }
        },
        "jointleft": {
          "rotation": {
            "y": {
              "0.0000": 1.6845,
              "0.3834": -1.683223,
              "0.6167": 2.123692,
              "0.6667": 1.6845
            }
          }
        },
        "jointleft1": {
          "rotation": {
            "y": {
              "0.0000": 2.8075,
              "0.3834": -2.805372,
              "0.6167": 3.539486,
              "0.6667": 2.8075
            }
          }
        },
        "jointleft2": {
          "rotation": {
            "y": {
              "0.0000": 3.9305,
              "0.3834": -3.927421,
              "0.6167": 4.955268,
              "0.6667": 3.9305
            }
          }
        },
        "jointtail": {
          "rotation": {
            "y": {
              "0.0000": -1.6845,
              "0.3834": 1.683223,
              "0.6167": -2.123692,
              "0.6667": -1.6845
            }
          }
        },
        "jointtail1": {
          "rotation": {
            "y": {
              "0.0000": -2.8075,
              "0.3834": 2.805372,
              "0.6167": -3.539486,
              "0.6667": -2.8075
            }
          }
        },
        "jointtail2": {
          "rotation": {
            "y": {
              "0.0000": -3.9305,
              "0.3834": 3.927421,
              "0.6167": -4.955268,
              "0.6667": -3.9305
            }
          }
        },
        "jointtailA1": {
          "rotation": {
            "y": {
              "0.0000": -2.8075,
              "0.3834": 2.805372,
              "0.6167": -3.539486,
              "0.6667": -2.8075
            }
          }
        },
        "jointtailA2": {
          "rotation": {
            "y": {
              "0.0000": -3.9305,
              "0.3834": 3.927421,
              "0.6167": -4.955268,
              "0.6667": -3.9305
            }
          }
        }
      }
    },
    "animation.cruxb.cruxb.idle": {
      "loop": "loop",
      "animation_length": 4.0,
      "bones": {
        "jointm": {
          "rotation": {
            "x": {
              "0.0000": 0.0,
              "0.4667": 9.761099,
              "0.6000": 11.3212,
              "0.7000": 11.97,
              "0.8000": 12.1415,
              "0.9000": 11.829,
              "1.2333": 7.589447,
              "2.0000": -9.1927,
              "2.2000": -11.5588,
              "2.3667": -12.14384,
              "2.5667": -11.086124,
              "2.6333": -10.327968,
              "2.9000": -5.593763,
              "3.4667": -3.44153,
              "3.6000": -3.65136,
              "3.9500": -1.045757,
              "4.0000": 0.0
            },
            "z": {
              "0.0000": -0.0,
              "0.3333": -15.485017,
              "0.4667": -18.135162,
              "0.5333": -18.395326,
              "0.7000": -15.886,
              "0.8000": -12.4308,
              "1.3333": 13.927205,
              "1.4667": 17.512012,
              "1.6000": 18.3328,
              "1.8667": 11.616723,
              "2.4000": -14.6062,
              "2.5667": -18.185086,
              "2.6333": -18.383358,
              "2.7667": -16.602347,
              "3.4667": 9.879257,
              "3.5333": 10.410862,
              "3.6000": 10.404691,
              "3.9500": 2.322985,
              "4.0000": -0.0
            }
          }
        },
        "jointB1": {
          "rotation": {
            "z": {
              "0.0000": -0.0,
              "0.5000": -10.2211,
              "0.7000": -11.97,
              "0.8000": -12.1415,
              "0.9000": -11.829,
              "1.2333": -7.589396,
              "2.0000": 9.1927,
              "2.2000": 11.5588,
              "2.3667": 12.143708,
              "2.5667": 11.086009,
              "2.7667": 8.278037,
              "3.4667": 2.7269,
              "3.6000": 3.030793,
              "3.9500": 1.02211,
              "4.0000": -0.0
            }
          }
        },
        "jointB2": {
          "rotation": {
            "x": {
              "0.0000": 0.0,
              "0.3333": 15.485017,
              "0.4667": 18.13507,
              "0.5333": 18.395235,
              "0.6000": 17.9221,
              "1.3333": -13.92715,
              "1.4667": -17.512012,
              "1.6000": -18.3328,
              "1.8667": -11.616703,
              "2.4000": 14.6062,
              "2.6333": 18.382593,
              "3.4667": -4.03938,
              "3.9500": -2.322985,
              "4.0000": 0.0
            }
          }
        },
        "jointC1": {
          "rotation": {
            "y": {
              "0.0000": -0.0,
              "0.3333": -7.742558,
              "0.4667": -9.067535,
              "0.5333": -9.197617,
              "0.6000": -8.9611,
              "1.3333": 6.963625,
              "1.4667": 8.756056,
              "1.6000": 9.1664,
              "1.8667": 5.808302,
              "2.4000": -7.3031,
              "2.6333": -9.191346,
              "3.4667": 2.019782,
              "3.9500": 1.1615,
              "4.0000": -0.0
            }
          }
        },
        "jointC2": {
          "rotation": {
            "x": {
              "0.0000": 0.0,
              "0.5000": 10.2211,
              "0.7000": 11.97,
              "0.8000": 12.1415,
              "0.9000": 11.829,
              "1.2333": 7.589396,
              "2.0000": -9.1927,
              "2.2000": -11.5588,
              "2.3667": -12.143708,
              "2.5667": -11.086009,
              "2.7667": -8.278037,
              "3.4667": -2.7269,
              "3.6000": -3.030793,
              "3.9500": -1.02211,
              "4.0000": 0.0
            }
          }
        },
        "jointA1": {
          "rotation": {
            "y": {
              "0.0000": 0.0,
              "0.3333": 7.742558,
              "0.4667": 9.067535,
              "0.5333": 9.197617,
              "0.6000": 8.9611,
              "1.3333": -6.963625,
              "1.4667": -8.756056,
              "1.6000": -9.1664,
              "1.8667": -5.808302,
              "2.4000": 7.3031,
              "2.6333": 9.191346,
              "3.4667": -2.019782,
              "3.9500": -1.1615,
              "4.0000": 0.0
            }
          }
        },
        "jointA2": {
          "rotation": {
            "x": {
              "0.0000": 0.0,
              "0.5000": 10.2211,
              "0.7000": 11.97,
              "0.8000": 12.1415,
              "0.9000": 11.829,
              "1.2333": 7.589396,
              "2.0000": -9.1927,
              "2.2000": -11.5588,
              "2.3667": -12.143708,
              "2.5667": -11.086009,
              "2.7667": -8.278037,
              "3.4667": -2.7269,
              "3.6000": -3.030793,
              "3.9500": -1.02211,
              "4.0000": 0.0
            }
          }
        }
      }
    }
  }
}