{
  "format_version": "1.8.0",
  "animations": {
    "animation.leemsiii.leemsiii.idle": {
      "loop": "loop",
      "animation_length": 4.0,
      "bones": {
        "jointDA": {
          "rotation": {
            "x": {
              "0.0000": 0.0,
              "0.2000": 0.9385,
              "0.4333": 1.485453,
              "0.5333": 1.448802,
              "0.8333": 0.452744,
              "1.1667": -1.09634,
              "1.3000": -1.4292,
              "1.4333": -1.47321,
              "1.6333": -0.995128,
              "2.1000": 1.128,
              "2.2667": 1.476336,
              "2.3333": 1.487853,
              "2.4333": 1.363141,
              "2.5667": 0.959342,
              "3.0667": -1.248764,
              "3.2333": -1.56739,
              "3.4000": -1.622586,
              "3.5000": -1.538883,
              "3.7000": -1.13225,
              "4.0000": 0.0
            },
            "z": {
              "0.0000": 0.0,
              "0.2000": 0.7258,
              "0.3000": 0.8767,
              "0.3667": 0.866456,
              "0.5333": 0.477468,
              "0.8333": -0.678112,
              "1.0000": -0.8784,
              "1.1667": -0.541536,
              "1.4333": 0.517228,
              "1.6333": 0.883236,
              "2.1000": -0.5673,
              "2.2667": -0.881325,
              "2.4333": -0.656545,
              "2.9000": 0.8724,
              "3.0667": 0.706456,
              "3.2333": 0.112467,
              "3.5000": -0.519672,
              "3.7000": -0.605371,
              "3.8000": -0.507167,
              "4.0000": 0.0
            }
          }
        },
        "jointDA_2": {
          "rotation": {
            "x": {
              "0.0000": -0.0,
              "0.3000": -1.0022,
              "0.4333": -0.635318,
              "0.7000": 0.7502,
              "0.8667": 0.988405,
              "1.3000": -0.9028,
              "1.4000": -1.0061,
              "1.9333": 1.010986,
              "2.1000": 0.5992,
              "2.3333": -0.644895,
              "2.5000": -1.0089,
              "3.0333": 0.903423,
              "3.2333": 1.2369,
              "3.4000": 1.264125,
              "3.7000": 0.84899,
              "4.0000": -0.0
            },
            "z": {
              "0.0000": -0.0,
              "0.3000": -1.2718,
              "0.4333": -1.485435,
              "0.5333": -1.448829,
              "0.7000": -1.03,
              "1.1667": 1.09633,
              "1.3000": 1.4292,
              "1.4000": 1.4909,
              "2.1000": -1.128,
              "2.3333": -1.48779,
              "2.5667": -0.959365,
              "3.0333": 1.048556,
              "3.2333": 1.44007,
              "3.4000": 1.490132,
              "3.5000": 1.411068,
              "3.7000": 1.033248,
              "4.0000": -0.0
            }
          }
        },
        "jointDB": {
          "rotation": {
            "x": {
              "0.0000": 0.0,
              "0.2000": 0.7258,
              "0.3000": 0.8767,
              "0.3667": 0.866398,
              "0.8333": -0.678163,
              "1.0000": -0.8784,
              "1.4000": 0.3961,
              "1.6333": 0.883243,
              "2.2667": -0.881258,
              "2.4333": -0.656535,
              "2.9000": 0.8724,
              "3.0333": 0.782247,
              "3.5000": -0.470442,
              "3.8333": -0.442148,
              "4.0000": 0.0
            },
            "z": {
              "0.0000": 0.0,
              "0.2000": 0.9173,
              "0.3000": 1.0022,
              "0.7000": -0.7502,
              "0.8333": -1.010913,
              "0.8667": -0.988519,
              "1.4000": 1.0061,
              "1.9333": -1.01094,
              "2.4333": 0.962693,
              "2.5000": 1.0089,
              "3.0667": -1.259743,
              "3.5000": -1.497485,
              "3.8333": -0.682207,
              "4.0000": 0.0
            }
          }
        },
        "jointDB_2": {
          "rotation": {
            "x": {
              "0.0000": -0.0,
              "0.2000": -0.7258,
              "0.3667": -0.866362,
              "0.8333": 0.67813,
              "1.0000": 0.8784,
              "1.6333": -0.883205,
              "2.1333": 0.668339,
              "2.3000": 0.8799,
              "2.9333": -0.883311,
              "3.5333": 0.554254,
              "3.7000": 0.594353,
              "4.0000": -0.0
            },
            "z": {
              "0.0000": -0.0,
              "0.2000": -0.7258,
              "0.3667": -0.866362,
              "0.8333": 0.67813,
              "1.0000": 0.8784,
              "1.6333": -0.883205,
              "2.1333": 0.668339,
              "2.3000": 0.8799,
              "2.9333": -0.883311,
              "3.5333": 0.554254,
              "3.7000": 0.594353,
              "4.0000": -0.0
            }
          }
        },
        "jointDC": {
          "rotation": {
            "x": {
              "0.0000": 0.0,
              "0.2000": 0.9385,
              "0.4333": 1.485453,
              "0.5333": 1.448802,
              "0.8333": 0.452744,
              "1.1667": -1.09634,
              "1.3000": -1.4292,
              "1.4333": -1.47321,
              "1.6333": -0.995128,
              "2.1000": 1.128,
              "2.2667": 1.476336,
              "2.3333": 1.487853,
              "2.4333": 1.363141,
              "2.5667": 0.959342,
              "3.0667": -1.248764,
              "3.2333": -1.56739,
              "3.4000": -1.622586,
              "3.5000": -1.538883,
              "3.7000": -1.13225,
              "4.0000": 0.0
            },
            "z": {
              "0.0000": 0.0,
              "0.2000": 0.7258,
              "0.3000": 0.8767,
              "0.3667": 0.866456,
              "0.5333": 0.477468,
              "0.8333": -0.678112,
              "1.0000": -0.8784,
              "1.1667": -0.541536,
              "1.4333": 0.517228,
              "1.6333": 0.883236,
              "2.1000": -0.5673,
              "2.2667": -0.881325,
              "2.4333": -0.656545,
              "2.9000": 0.8724,
              "3.0667": 0.706456,
              "3.2333": 0.112467,
              "3.5000": -0.519672,
              "3.7000": -0.605371,
              "3.8000": -0.507167,
              "4.0000": 0.0
            }
          }
        },
        "jointDC_2": {
          "rotation": {
            "x": {
              "0.0000": 0.0,
              "0.2000": 0.9173,
              "0.3000": 1.0022,
              "0.7000": -0.7502,
              "0.8333": -1.010913,
              "0.8667": -0.988519,
              "1.4000": 1.0061,
              "1.9333": -1.01094,
              "2.4333": 0.962693,
              "2.5000": 1.0089,
              "3.0667": -1.259743,
              "3.5000": -1.497485,
              "3.8333": -0.682207,
              "4.0000": 0.0
            },
            "z": {
              "0.0000": -0.0,
              "0.2000": -0.7258,
              "0.3000": -0.8767,
              "0.3667": -0.866398,
              "0.8333": 0.678163,
              "1.0000": 0.8784,
              "1.4000": -0.3961,
              "1.6333": -0.883243,
              "2.2667": 0.881258,
              "2.4333": 0.656535,
              "2.9000": -0.8724,
              "3.0333": -0.782247,
              "3.5000": 0.470442,
              "3.8333": 0.442148,
              "4.0000": -0.0
            }
          }
        },
        "jointDD": {
          "rotation": {
            "x": {
              "0.0000": 0.0,
              "0.2000": 0.9385,
              "0.4333": 1.485453,
              "0.5333": 1.448802,
              "0.8333": 0.452744,
              "1.1667": -1.09634,
              "1.3000": -1.4292,
              "1.4333": -1.47321,
              "1.6333": -0.995128,
              "2.1000": 1.128,
              "2.2667": 1.476336,
              "2.3333": 1.487853,
              "2.4333": 1.363141,
              "2.5667": 0.959342,