{
  "format_version": "1.8.0",
  "animations": {
    "animation.leem.leem.idle": {
      "loop": "loop",
      "animation_length": 4.0,
      "bones": {
        "jointDA": {
          "rotation": {
            "x": {
              "0.0000": 0.0,
              "0.2000": 2.4044,
              "0.5333": -2.272477,
              "0.6000": -2.3584,
              "0.8667": 1.767597,
              "0.9667": 2.403108,
              "1.3333": -2.404706,
              "1.7333": 2.402437,
              "2.1000": -2.406,
              "2.5000": 2.4025,
              "2.8667": -2.405877,
              "2.9333": -2.14552,
              "3.2333": -2.002854,
              "3.5667": -2.302243,
              "3.8000": -1.695241,
              "3.9500": -0.6011,
              "4.0000": 0.0
            },
            "z": {
              "0.0000": 0.0,
              "0.2000": 2.3633,
              "0.5333": -2.410796,
              "0.8667": 2.43722,
              "1.2000": -2.4427,
              "1.5667": 2.402185,
              "1.9000": -2.4344,
              "2.2333": 2.442662,
              "2.5667": -2.430005,
              "2.8667": 2.141537,
              "2.9333": 2.429029,
              "3.2667": -2.726027,
              "3.5667": -3.804069,
              "3.8000": -2.208443,
              "4.0000": 0.0
            }
          }
        },
        "jointDA_2": {
          "rotation": {
            "x": {
              "0.0000": 0.0,
              "0.1667": 2.574614,
              "0.5000": -2.5514,
              "0.8333": 2.502682,
              "1.1333": -2.57698,
              "1.4667": 2.561694,
              "1.7333": -2.330986,
              "1.8000": -2.5236,
              "2.1000": 2.5777,
              "2.4333": -2.57017,
              "2.7667": 2.539255,
              "3.0667": -2.573186,
              "3.2333": -0.078396,
              "3.4000": 0.699347,
              "3.6667": -0.709019,
              "3.8333": -1.251487,
              "3.9500": -0.77223,
              "4.0000": 0.0
            },
            "z": {
              "0.0000": -0.0,
              "0.2000": -2.4044,
              "0.5000": 1.9722,
              "0.6000": 2.3584,
              "0.8333": -1.25987,
              "0.9667": -2.403099,
              "1.3333": 2.404758,
              "1.7333": -2.402525,
              "2.1000": 2.406,
              "2.4333": -2.151771,
              "2.5000": -2.4025,
              "2.8667": 2.405809,
              "3.0667": 0.825744,
              "3.2333": 0.744286,
              "3.6667": 1.947441,
              "3.8333": 1.584085,
              "3.9500": 0.6011,
              "4.0000": -0.0
            }
          }
        },
        "jointDB": {
          "rotation": {
            "x": {
              "0.0000": 0.0,
              "0.1667": 2.440337,
              "0.5000": -2.4189,
              "0.8667": 2.437489,
              "1.2000": -2.4427,
              "1.4667": 1.817664,
              "1.5667": 2.402428,
              "1.8000": -1.655,
              "1.9000": -2.4344,
              "2.2333": 2.442691,
              "2.5667": -2.429879,
              "2.9333": 2.428834,
              "3.2667": -2.328143,
              "3.4000": -3.4643,
              "3.5667": -3.770725,
              "3.8000": -2.440148,
              "3.9500": -0.731955,
              "4.0000": 0.0
            },
            "z": {
              "0.0000": 0.0,
              "0.1667": 2.574614,
              "0.5000": -2.5514,
              "0.8333": 2.502944,
              "1.1333": -2.577237,
              "1.4667": 2.561679,
              "1.8000": -2.5236,
              "2.1000": 2.5777,
              "2.4333": -2.569936,
              "2.7667": 2.539175,
              "3.0667": -2.573239,
              "3.2667": 0.550059,
              "3.4000": 1.04692,
              "3.8000": -1.155431,
              "3.8667": -1.141663,
              "3.9500": -0.77223,
              "4.0000": 0.0
            }
          }
        },
        "jointDB_2": {
          "rotation": {
            "x": {
              "0.0000": -0.0,
              "0.2000": -2.4044,
              "0.5000": 1.9722,
              "0.6000": 2.3584,
              "0.8333": -1.25987,
              "0.9667": -2.403099,
              "1.3333": 2.404758,
              "1.7333": -2.402525,
              "2.1000": 2.406,
              "2.4333": -2.151771,
              "2.5000": -2.4025,
              "2.8667": 2.405809,
              "3.0667": 0.825744,
              "3.2333": 0.744286,
              "3.6667": 1.947441,
              "3.8333": 1.584085,
              "3.9500": 0.6011,
              "4.0000": -0.0
            },
            "z": {
              "0.0000": -0.0,
              "0.1667": -2.574614,
              "0.5000": 2.5514,
              "0.8333": -2.502682,
              "1.1333": 2.57698,
              "1.4667": -2.561694,
              "1.7333": 2.330986,
              "1.8000": 2.5236,
              "2.1000": -2.5777,
              "2.4333": 2.57017,
              "2.7667": -2.539255,
              "3.0667": 2.573186,
              "3.2333": 0.078396,
              "3.4000": -0.699347,
              "3.6667": 0.709019,
              "3.8333": 1.251487,
              "3.9500": 0.77223,
              "4.0000": -0.0
            }
          }
        },
        "jointDC": {
          "rotation": {
            "x": {
              "0.0000": 0.0,
              "0.1667": 2.574276,
              "0.5000": -2.5514,
              "0.8333": 2.502734,
              "1.1333": -2.577026,
              "1.4667": 2.561681,
              "1.8000": -2.5236,
              "2.1000": 2.5777,
              "2.4333": -2.569978,
              "2.7667": 2.539225,
              "3.0667": -2.573221,
              "3.4000": 0.725108,
              "3.6667": -0.694002,
              "3.8667": -1.182259,
              "3.9500": -0.772129,
              "4.0000": 0.0
            },
            "z": {
              "0.0000": 0.0,
              "0.1667": 2.574276,
              "0.5000": -2.5514,
              "0.8333": 2.502734,
              "1.1333": -2.577026,
              "1.4667": 2.561681,
              "1.8000": -2.5236,
              "2.1000": 2.5777,
              "2.4333": -2.569978,
              "2.7667": 2.539225,
              "3.0667": -2.573221,
              "3.4000": 0.725108,
              "3.6667": -0.694002,
              "3.8667": -1.182259,
              "3.9500": -0.772129,
              "4.0000": 0.0
            }
          }
        },
        "jointDC_2": {
          "rotation": {
            "x": {
              "0.0000": 0.0,
              "0.2000": 2.4044,
              "0.5333": -2.272477,
              "0.6000": -2.3584,
              "0.8667": 1.767597,
              "0.9667": 2.403108,
              "1.3333": -2.404706,
              "1.7333": 2.402437,
              "2.1000": -2.406,
              "2.5000": 2.4025,
              "2.8667": -2.405877,
              "2.9333": -2.14552,
              "3.2333": -2.002854,
              "3.5667": -2.302243,
              "3.8000": -1.695241,
              "3.9500": -0.6011,
              "4.0000": 0.0
            },
            "z": {
              "0.0000": -0.0,
              "0.2000": -2.3633,
              "0.5333": 2.410796,
              "0.8667": -2.43722,
              "1.2000": 2.4427,
              "1.5667": -2.402185,
              "1.9000": 2.4344,
              "2.2333": -2.442662,
              "2.5667": 2.430005,
              "2.8667": -2.141537,
              "2.9333": -2.429029,
              "3.2667": 2.726027,
              "3.5667": 3.804069,
              "3.8000": 2.208443,
              "4.0000": -0.0
            }
          }
        }
      }
    }
  }
}