{
  "format_version": "1.8.0",
  "animations": {
    "animation.leemsii.leemsii.idle": {
      "loop": "loop",
      "animation_length": 4.0,
      "bones": {
        "jointDA": {
          "rotation": {
            "x": {
              "0.0000": 0.0,
              "0.2000": 0.6687,
              "0.3667": 0.798211,
              "0.5000": 0.5438,
              "0.8333": -0.62472,
              "1.0000": -0.8093,
              "1.1333": -0.595337,
              "1.4667": 0.575931,
              "1.6333": 0.813701,
              "1.8000": 0.5541,
              "2.1000": -0.5226,
              "2.2667": -0.811901,
              "2.4333": -0.604825,
              "2.7667": 0.565943,
              "2.9000": 0.8037,
              "3.0667": 0.650815,
              "3.5000": -0.528814,
              "3.6667": -0.611286,
              "3.8333": -0.442177,
              "4.0000": 0.0
            },
            "z": {
              "0.0000": 0.0,
              "0.1667": 2.574614,
              "0.5000": -2.5514,
              "0.8333": 2.502651,
              "1.1333": -2.577129,
              "1.4667": 2.561596,
              "1.8000": -2.5236,
              "2.1000": 2.5777,
              "2.4333": -2.569993,
              "2.7667": 2.539225,
              "3.0667": -2.573221,
              "3.4000": 0.725108,
              "3.6667": -0.694002,
              "3.8333": -1.246626,
              "3.9500": -0.77223,
              "4.0000": 0.0
            }
          }
        },
        "jointDA_2": {
          "rotation": {
            "x": {
              "0.0000": -0.0,
              "0.2000": -0.6687,
              "0.3000": -0.8076,
              "0.3667": -0.798206,
              "0.8333": 0.624766,
              "1.0000": 0.8093,
              "1.4000": -0.3649,
              "1.6333": -0.813656,
              "2.2667": 0.811852,
              "2.5000": 0.4019,
              "2.9000": -0.8037,
              "3.0333": -0.720651,
              "3.5000": 0.433426,
              "3.8333": 0.407361,
              "4.0000": -0.0
            },
            "z": {
              "0.0000": -0.0,
              "0.2000": -0.8576,
              "0.3000": -0.9369,
              "0.7000": 0.7013,
              "0.8667": 0.924124,
              "1.4000": -0.9406,
              "1.9333": 0.945057,
              "2.5000": -0.9432,
              "3.0667": 1.177638,
              "3.5000": 1.399951,
              "3.8333": 0.637795,
              "4.0000": -0.0
            }
          }
        },
        "jointDB": {
          "rotation": {
            "x": {
              "0.0000": 0.0,
              "0.1667": 0.767189,
              "0.3000": 0.9369,
              "0.7000": -0.7013,
              "0.8667": -0.924087,
              "1.4000": 0.9406,
              "1.4667": 0.838599,
              "1.8000": -0.68,
              "1.9333": -0.945157,
              "2.1000": -0.5601,
              "2.4333": 0.899876,
              "2.5000": 0.9432,
              "3.0333": -0.881289,
              "3.4000": -1.349843,
              "3.5000": -1.313907,
              "3.6667": -1.090095,
              "4.0000": 0.0
            },
            "z": {
              "0.0000": -0.0,
              "0.1667": -2.57429,
              "0.5000": 2.5514,
              "0.7000": -1.2735,
              "0.8333": -2.50317,
              "1.1333": 2.576911,
              "1.4000": -2.2147,
              "1.4667": -2.56202,
              "1.8000": 2.5236,
              "2.1000": -2.5777,
              "2.4333": 2.57017,
              "2.7667": -2.539129,
              "3.0667": 2.573609,
              "3.4000": -0.725108,
              "3.6667": 0.694002,
              "3.8333": 1.246626,
              "3.9500": 0.772133,
              "4.0000": -0.0
            }
          }
        },
        "jointDB_2": {
          "rotation": {
            "x": {
              "0.0000": -0.0,
              "0.2000": -0.6687,
              "0.3667": -0.798173,
              "0.8333": 0.624735,
              "1.0000": 0.8093,
              "1.6333": -0.81362,
              "2.1333": 0.615644,
              "2.3000": 0.8106,
              "2.9333": -0.813826,
              "3.5333": 0.51064,
              "3.7000": 0.547589,
              "4.0000": -0.0
            },
            "z": {
              "0.0000": -0.0,
              "0.2000": -0.6687,
              "0.3667": -0.798173,
              "0.8333": 0.624735,
              "1.0000": 0.8093,
              "1.6333": -0.81362,
              "2.1333": 0.615644,
              "2.3000": 0.8106,
              "2.9333": -0.813826,
              "3.5333": 0.51064,
              "3.7000": 0.547589,
              "4.0000": -0.0
            }
          }
        },
        "jointDC": {
          "rotation": {
            "x": {
              "0.0000": 0.0,
              "0.1667": 0.767189,
              "0.3000": 0.9369,
              "0.7000": -0.7013,
              "0.8667": -0.924087,
              "1.4000": 0.9406,
              "1.4667": 0.838599,
              "1.8000": -0.68,
              "1.9333": -0.945157,
              "2.1000": -0.5601,
              "2.4333": 0.899876,
              "2.5000": 0.9432,
              "3.0333": -0.881289,
              "3.4000": -1.349843,
              "3.5000": -1.313907,
              "3.6667": -1.090095,
              "4.0000": 0.0
            },
            "z": {
              "0.0000": -0.0,
              "0.1667": -2.57429,
              "0.5000": 2.5514,
              "0.7000": -1.2735,
              "0.8333": -2.50317,
              "1.1333": 2.576911,
              "1.4000": -2.2147,
              "1.4667": -2.56202,
              "1.8000": 2.5236,
              "2.1000": -2.5777,
              "2.4333": 2.57017,
              "2.7667": -2.539129,
              "3.0667": 2.573609,
              "3.4000": -0.725108,
              "3.6667": 0.694002,
              "3.8333": 1.246626,
              "3.9500": 0.772133,
              "4.0000": -0.0
            }
          }
        },
        "jointDC_2": {
          "rotation": {
            "x": {
              "0.0000": -0.0,
              "0.1667": -2.574614,
              "0.5000": 2.5514,
              "0.8333": -2.502651,
              "1.1333": 2.577129,
              "1.4667": -2.561596,
              "1.8000": 2.5236,
              "2.1000": -2.5777,
              "2.4333": 2.569993,
              "2.7667": -2.539225,
              "3.0667": 2.573221,
              "3.4000": -0.725108,
              "3.6667": 0.694002,
              "3.8333": 1.246626,
              "3.9500": 0.77223,
              "4.0000": -0.0
            },
            "z": {
              "0.0000": 0.0,
              "0.2000": 0.6687,
              "0.3667": 0.798211,
              "0.5000": 0.5438,
              "0.8333": -0.62472,
              "1.0000": -0.8093,
              "1.1333": -0.595337,
              "1.4667": 0.575931,
              "1.6333": 0.813701,
              "1.8000": 0.5541,
              "2.1000": -0.5226,
              "2.2667": -0.811901,
              "2.4333": -0.604825,
              "2.7667": 0.565943,
              "2.9000": 0.8037,
              "3.0667": 0.650815,
              "3.5000": -0.528814,
              "3.6667": -0.611286,
              "3.8333": -0.442177,
              "4.0000": 0.0
            }
          }
        },
        "jointC": {
          "position": {
            "y": {
              "0.0000": -0.0,
              "0.3667": -0.222856,
              "1.0000": 0.226,
              "1.6333": -0.227252,
              "2.2667": 0.226653,
              "2.9000": -0.2244,
              "3.5333": -0.016203,
              "3.9500": 0.030387,
              "4.0000": -0.0
            }
          }
        }
      }
    }
  }
}