{
  "format_version": "1.8.0",
  "animations": {
    "animation.viin.viin.idle": {
      "loop": "loop",
      "animation_length": 4.0,
      "bones": {
        "hair_jointM1": {
          "rotation": {
            "x": {
              "0.0000": -13.8374,
              "0.6333": 13.824622,
              "1.2333": -13.776854,
              "1.4000": -10.1735,
              "1.8667": 13.813976,
              "2.4667": -13.602562,
              "2.6333": -10.989772,
              "3.1333": 5.029283,
              "3.7333": -16.013708,
              "3.9500": -16.021359,
              "4.0000": -13.8374
            }
          }
        },
        "hair_jointM2": {
          "rotation": {
            "x": {
              "0.0000": -12.092,
              "0.3667": 12.06983,
              "0.7333": -12.016723,
              "1.1333": 12.003734,
              "1.4667": -11.803945,
              "1.8667": 12.087327,
              "2.2333": -12.075428,
              "2.6000": 12.0326,
              "2.9667": -11.82753,
              "3.3667": -26.807248,
              "3.6667": -26.294197,
              "3.9500": -15.386495,
              "4.0000": -12.092
            }
          }
        },
        "hair_jointM3": {
          "rotation": {
            "x": {
              "0.0000": 15.7661,
              "0.4667": -15.739853,
              "0.9000": 15.6462,
              "1.3667": -15.721928,
              "1.8333": 15.758917,
              "2.3000": -15.7572,
              "2.7333": 15.602669,
              "3.2000": 1.024996,
              "3.6667": 20.017521,
              "3.8667": 21.413635,
              "3.9500": 19.141497,
              "4.0000": 15.7661
            }
          }
        },
        "hair_jointM4": {
          "rotation": {
            "x": {
              "0.0000": -15.7661,
              "0.4667": 15.739853,
              "0.9000": -15.6462,
              "1.3667": 15.721928,
              "1.8333": -15.758917,
              "2.3000": 15.7572,
              "2.7333": -15.602669,
              "3.2000": -1.024996,
              "3.6667": -20.017521,
              "3.8667": -21.413635,
              "3.9500": -19.141497,
              "4.0000": -15.7661
            }
          }
        },
        "hair_jointM5": {
          "rotation": {
            "x": {
              "0.0000": -13.8374,
              "0.6333": 13.824622,
              "1.2333": -13.776854,
              "1.4000": -10.1735,
              "1.8667": 13.813976,
              "2.4667": -13.602562,
              "2.6333": -10.989772,
              "3.1333": 5.029283,
              "3.7333": -16.013708,
              "3.9500": -16.021359,
              "4.0000": -13.8374
            }
          }
        },
        "hair_jointM6": {
          "rotation": {
            "x": {
              "0.0000": 12.092,
              "0.3667": -12.06983,
              "0.7333": 12.016723,
              "1.1333": -12.003734,
              "1.4667": 11.803945,
              "1.8667": -12.087327,
              "2.2333": 12.075428,
              "2.6000": -12.0326,
              "2.9667": 11.82753,
              "3.3667": 26.807248,
              "3.6667": 26.294197,
              "3.9500": 15.386495,
              "4.0000": 12.092
            }
          }
        },
        "hair_jointL1": {
          "rotation": {
            "x": {
              "0.0000": -12.092,
              "0.3667": 12.06983,
              "0.7333": -12.016723,
              "1.1333": 12.003734,
              "1.4667": -11.803945,
              "1.8667": 12.087327,
              "2.2333": -12.075428,
              "2.6000": 12.0326,
              "2.9667": -11.82753,
              "3.3667": -26.807248,
              "3.6667": -26.294197,
              "3.9500": -15.386495,
              "4.0000": -12.092
            }
          }
        },
        "hair_jointL2": {
          "rotation": {
            "x": {
              "0.0000": 15.7661,
              "0.4667": -15.739853,
              "0.9000": 15.6462,
              "1.3667": -15.721928,
              "1.8333": 15.758917,
              "2.3000": -15.7572,
              "2.7333": 15.602669,
              "3.2000": 1.024996,
              "3.6667": 20.017521,
              "3.8667": 21.413635,
              "3.9500": 19.141497,
              "4.0000": 15.7661
            }
          }
        },
        "hair_jointL3": {
          "rotation": {
            "x": {
              "0.0000": -13.8374,
              "0.6333": 13.824622,
              "1.2333": -13.776854,
              "1.4000": -10.1735,
              "1.8667": 13.813976,
              "2.4667": -13.602562,
              "2.6333": -10.989772,
              "3.1333": 5.029283,
              "3.7333": -16.013708,
              "3.9500": -16.021359,
              "4.0000": -13.8374
            }
          }
        },
        "hair_jointL4": {
          "rotation": {
            "x": {
              "0.0000": -12.092,
              "0.3667": 12.06983,
              "0.7333": -12.016723,
              "1.1333": 12.003734,
              "1.4667": -11.803945,
              "1.8667": 12.087327,
              "2.2333": -12.075428,
              "2.6000": 12.0326,
              "2.9667": -11.82753,
              "3.3667": -26.807248,
              "3.6667": -26.294197,
              "3.9500": -15.386495,
              "4.0000": -12.092
            }
          }
        },
        "hair_jointL5": {
          "rotation": {
            "x": {
              "0.0000": 12.092,
              "0.3667": -12.06983,
              "0.7333": 12.016723,
              "1.1333": -12.003734,
              "1.4667": 11.803945,
              "1.8667": -12.087327,
              "2.2333": 12.075428,
              "2.6000": -12.0326,
              "2.9667": 11.82753,
              "3.3667": 26.807248,
              "3.6667": 26.294197,
              "3.9500": 15.386495,
              "4.0000": 12.092
            }
          }
        },
        "hair_jointL6": {
          "rotation": {
            "x": {
              "0.0000": -13.8374,
              "0.6333": 13.824622,
              "1.2333": -13.776854,
              "1.4000": -10.1735,
              "1.8667": 13.813976,
              "2.4667": -13.602562,
              "2.6333": -10.989772,
              "3.1333": 5.029283,
              "3.7333": -16.013708,
              "3.9500": -16.021359,
              "4.0000": -13.8374
            }
          }
        },
        "hair_jointR1": {
          "rotation": {
            "x": {
              "0.0000": -15.7661,
              "0.4667": 15.739853,
              "0.9000": -15.6462,
              "1.3667": 15.721928,
              "1.8333": -15.758917,
              "2.3000": 15.7572,
              "2.7333": -15.602669,
              "3.2000": -1.024996,
              "3.6667": -20.017521,
              "3.8667": -21.413635,
              "3.9500": -19.141497,
              "4.0000": -15.7661
            }
          }
        },
        "hair_jointR2": {
          "rotation": {
            "x": {
              "0.0000": -15.7661,
              "0.4667": 15.739853,
              "0.9000": -15.6462,
              "1.3667": 15.721928,
              "1.8333": -15.758917,
              "2.3000": 15.7572,
              "2.7333": -15.602669,
              "3.2000": -1.024996,
              "3.6667": -20.017521,
              "3.8667": -21.413635,
              "3.9500": -19.141497,
              "4.0000": -15.7661
            }
          }
        },
        "hair_jointR3": {
          "rotation": {
            "x": {
              "0.0000": 13.8374,
              "0.6333": -13.824622,
              "1.2333": 13.776854,
              "1.4000": 10.1735,
              "1.8667": -13.813976,
              "2.4667": 13.602562,
              "2.6333": 10.989772,
              "3.1333": -5.029283,
              "3.7333": 16.013708,
              "3.9500": 16.021359,
              "4.0000": 13.8374
            }
          }
        },