{
  "format_version": "1.8.0",
  "animations": {
    "animation.lodo.lodo.idle": {
      "loop": "loop",
      "animation_length": 0.5,
      "bones": {
        "joint1": {
          "rotation": {
            "y": {
              "0.0000": -3.73,
              "0.2458": 3.604853,
              "0.4500": -5.222037,
              "0.5000": -3.73
            }
          }
        },
        "joint2": {
          "rotation": {
            "y": {
              "0.0000": -3.73,
              "0.2458": 3.604853,
              "0.4500": -5.222037,
              "0.5000": -3.73
            }
          }
        },
        "joint3": {
          "rotation": {
            "y": {
              "0.0000": -3.73,
              "0.2458": 3.604853,
              "0.4500": -5.222037,
              "0.5000": -3.73
            }
          }
        },
        "joint4": {
          "rotation": {
            "y": {
              "0.0000": -3.73,
              "0.2458": 3.604853,
              "0.4500": -5.222037,
              "0.5000": -3.73
            }
          }
        },
        "joint5": {
          "rotation": {
            "y": {
              "0.0000": -3.73,
              "0.2458": 3.604853,
              "0.4500": -5.222037,
              "0.5000": -3.73
            }
          }
        },
        "mainbody": {
          "rotation": {
            "z": {
              "0.0000": -3.73,
              "0.2458": 3.604755,
              "0.4500": -5.222017,
              "0.5000": -3.73
            }
          },
          "position": {
            "x": {
              "0.0000": 1.0416,
              "0.2458": -1.006676,
              "0.4500": 1.458255,
              "0.5000": 1.0416
            },
            "z": {
              "0.0000": -1.0416,
              "0.2458": 1.006676,
              "0.4500": -1.458255,
              "0.5000": -1.0416
            }
          }
        },
        "bodyMiddle": {
          "rotation": {
            "z": {
              "0.0000": -3.73,
              "0.2458": 3.604755,
              "0.4500": -5.222017,
              "0.5000": -3.73
            }
          }
        }
      }
    }
  }
}