{
  "format_version": "1.8.0",
  "animations": {
    "animation.lesh.lesh.walk": {
      "loop": "loop",
      "animation_length": 0.6667,
      "bones": {
        "jointright1": {
          "rotation": {
            "y": {
              "0.0000": 20.0535,
              "0.2278": 14.718636,
              "0.5723": 19.537851,
              "0.6167": 21.224453,
              "0.6667": 20.0535
            }
          }
        },
        "jointright2": {
          "rotation": {
            "y": {
              "0.0000": -20.0535,
              "0.2278": -14.718636,
              "0.5723": -19.537851,
              "0.6167": -21.224453,
              "0.6667": -20.0535
            }
          }
        },
        "jointleft1": {
          "rotation": {
            "y": {
              "0.0000": 20.0535,
              "0.2278": 14.718636,
              "0.5723": 19.537851,
              "0.6167": 21.224453,
              "0.6667": 20.0535
            }
          }
        },
        "jointleft2": {
          "rotation": {
            "y": {
              "0.0000": 20.0535,
              "0.2278": 14.718636,
              "0.5723": 19.537851,
              "0.6167": 21.224453,
              "0.6667": 20.0535
            }
          }
        },
        "jointtail": {
          "rotation": {
            "y": {
              "0.0000": -8.0214,
              "0.4445": 7.790466,
              "0.5723": -4.500605,
              "0.6167": -9.800013,
              "0.6667": -8.0214
            }
          }
        },
        "jointtail1": {
          "rotation": {
            "y": {
              "0.0000": -8.0214,
              "0.4445": 7.790466,
              "0.5723": -4.500605,
              "0.6167": -9.800013,
              "0.6667": -8.0214
            }
          }
        },
        "jointtail2": {
          "rotation": {
            "y": {
              "0.0000": -8.0214,
              "0.4445": 7.790466,
              "0.5723": -4.500605,
              "0.6167": -9.800013,
              "0.6667": -8.0214
            }
          }
        }
      }
    }
  }
}