{
  "format_version": "1.8.0",
  "animations": {
    "animation.buthol.buthol.idle": {
      "loop": "loop",
      "animation_length": 1.0472,
      "bones": {
        "tree1": {
          "position": {
            "y": {
              "0.0000": -0.7274,
              "0.4538": 0.792009,
              "0.8814": -0.696695,
              "0.9687": -0.840134,
              "0.9972": -0.894809,
              "1.0472": -0.7274
            }
          }
        },
        "tree2": {
          "position": {
            "y": {
              "0.0000": 0.6054,
              "0.1047": 0.791356,
              "0.2007": 0.705478,
              "0.6458": 0.635395,
              "0.9972": 0.516596,
              "1.0472": 0.6054
            }
          }
        },
        "tree3": {
          "position": {
            "y": {
              "0.0000": 0.2235,
              "0.3054": -0.786057,
              "0.7854": 0.758069,
              "0.9076": 0.441811,
              "0.9972": 0.388784,
              "1.0472": 0.2235
            }
          }
        },
        "body1": {
          "position": {
            "y": {
              "0.0000": 0.2235,
              "0.3054": -0.786057,
              "0.7854": 0.758069,
              "0.9076": 0.441811,
              "0.9972": 0.388784,
              "1.0472": 0.2235
            }
          }
        },
        "body2": {
          "position": {
            "y": {
              "0.0000": 0.6054,
              "0.1047": 0.791356,
              "0.2007": 0.705478,
              "0.6458": 0.635395,
              "0.9972": 0.516596,
              "1.0472": 0.6054
            }
          }
        },
        "body3": {
          "position": {
            "y": {
              "0.0000": -0.7274,
              "0.4538": 0.792009,
              "0.8814": -0.696695,
              "0.9687": -0.840134,
              "0.9972": -0.894809,
              "1.0472": -0.7274
            }
          }
        }
      }
    }
  }
}