{
  "format_version": "1.8.0",
  "animations": {
    "animation.spesheep.spesheep.walk": {
      "loop": "loop",
      "animation_length": 0.6667,
      "bones": {
        "jointLL": {
          "rotation": {
            "x": {
              "0.0000": 7.8029,
              "0.3278": -2.887423,
              "0.6167": 9.433517,
              "0.6667": 7.8029
            }
          }
        },
        "jointRL": {
          "rotation": {
            "x": {
              "0.0000": 0.2185,
              "0.3278": 10.908823,
              "0.6167": -1.412117,
              "0.6667": 0.2185
            }
          }
        },
        "jointLA": {
          "rotation": {
            "x": {
              "0.0000": -7.0187,
              "0.1111": -5.303558,
              "0.3278": 3.752818,
              "0.4834": 6.837273,
              "0.6167": -7.790591,
              "0.6667": -7.0187
            },
            "y": {
              "0.0000": 11.6616,
              "0.1111": 6.376151,
              "0.3278": 28.779133,
              "0.4834": 14.245979,
              "0.6167": 14.04029,
              "0.6667": 11.6616
            }
          }
        },
        "jointRA": {
          "rotation": {
            "x": {
              "0.0000": 7.0187,
              "0.1111": 5.303558,
              "0.3278": -3.752818,
              "0.4834": -6.837273,
              "0.6167": 7.790591,
              "0.6667": 7.0187
            },
            "y": {
              "0.0000": -20.4241,
              "0.1111": -25.709458,
              "0.3278": -3.306515,
              "0.4834": -17.839677,
              "0.6167": -18.045451,
              "0.6667": -20.4241
            }
          }
        },
        "mainbody": {
          "position": {
            "y": {
              "0.0000": -0.28,
              "0.2389": 0.279426,
              "0.4778": -0.281093,
              "0.6611": -0.286369,
              "0.6667": -0.28
            }
          }
        },
        "jointLL1": {
          "rotation": {
            "x": {
              "0.0000": 11.0294,
              "0.3611": -2.851378,
              "0.6167": 12.951413,
              "0.6667": 11.0294
            }
          }
        },
        "jointRL1": {
          "rotation": {
            "x": {
              "0.0000": -3.008,
              "0.3611": 10.872877,
              "0.6167": -4.930027,
              "0.6667": -3.008
            }
          }
        }
      }
    },
    "animation.spesheep.spesheep.evolved": {
      "loop": "loop",
      "animation_length": 0.6283,
      "bones": {
        "jointM": {
          "rotation": {
            "x": {
              "0.0000": 22.9183,
              "0.3142": 0.305534,
              "0.5783": 26.516767,
              "0.6283": 22.9183
            }
          }
        }
      }
    }
  }
}