{
  "format_version": "1.8.0",
  "animations": {
    "animation.infplayer.infplayer.walk": {
      "loop": "loop",
      "animation_length": 0.6667,
      "bones": {
        "jointLL": {
          "rotation": {
            "x": {
              "0.0000": -19.3015,
              "0.5667": -1.374343,
              "0.6167": -20.883215,
              "0.6667": -19.3015
            }
          }
        },
        "jointRL": {
          "rotation": {
            "x": {
              "0.0000": 19.3015,
              "0.5667": 1.374343,
              "0.6167": 20.883215,
              "0.6667": 19.3015
            }
          }
        },
        "jointLA": {
          "rotation": {
            "x": {
              "0.0000": 19.3015,
              "0.5667": 1.374343,
              "0.6167": 20.883215,
              "0.6667": 19.3015
            }
          }
        },
        "jointRA": {
          "rotation": {
            "x": {
              "0.0000": -19.3015,
              "0.5667": -1.374343,
              "0.6167": -20.883215,
              "0.6667": -19.3015
            }
          }
        }
      }
    }
  }
}