{
  "format_version": "1.8.0",
  "animations": {
    "animation.infhorse.infhorse.walk": {
      "loop": "loop",
      "animation_length": 1.3334,
      "bones": {
        "jointFLL": {
          "rotation": {
            "x": {
              "0.0000": 11.23,
              "0.5500": -11.219109,
              "0.6667": 11.23,
              "0.6750": -9.343598,
              "0.7834": 11.502002,
              "1.2834": 13.270726,
              "1.3334": 11.23
            }
          }
        },
        "jointFRL": {
          "rotation": {
            "x": {
              "0.0000": -11.23,
              "0.5500": 11.219109,
              "0.6667": -11.23,
              "0.6750": 9.343598,
              "0.7834": -11.502002,
              "1.2834": -13.270726,
              "1.3334": -11.23
            }
          }
        },
        "jointBLL": {
          "rotation": {
            "x": {
              "0.0000": -11.23,
              "0.5500": 11.219109,
              "0.6667": -11.23,
              "0.6750": 9.343598,
              "0.7834": -11.502002,
              "1.2834": -13.270726,
              "1.3334": -11.23
            }
          }
        },
        "jointBRL": {
          "rotation": {
            "x": {
              "0.0000": 11.23,
              "0.5500": -11.219109,
              "0.6667": 11.23,
              "0.6750": -9.343598,
              "0.7834": 11.502002,
              "1.2834": 13.270726,
              "1.3334": 11.23
            }
          }
        },
        "mainbody": {
          "rotation": {
            "x": {
              "0.0000": -6.2592,
              "0.3083": 6.637754,
              "0.4167": 9.028197,
              "0.6667": -6.2592,
              "0.6750": 8.856575,
              "0.9167": -6.229263,
              "1.0334": -5.779694,
              "1.2751": -8.350493,
              "1.3334": -6.2592
            }
          },
          "position": {
            "y": {
              "0.0000": -0.28,
              "0.0583": -0.180194,
              "0.2083": 0.20318,
              "0.2417": 0.256475,
              "0.2750": 0.27969,
              "0.3000": 0.270219,
              "0.3333": 0.219085,
              "0.4750": -0.180877,
              "0.5250": -0.266849,
              "0.5500": -0.287689,
              "0.5834": -0.290324,
              "0.6500": -0.269535,
              "0.6667": -0.28,
              "0.6834": -0.269535,
              "0.7667": -0.291764,
              "0.8084": -0.266849,
              "0.8667": -0.160735,
              "0.9917": 0.206975,
              "1.0251": 0.225673,
              "1.0501": 0.212976,
              "1.0834": 0.167893,
              "1.2751": -0.365544,
              "1.3334": -0.28
            }
          }
        }
      }
    },
    "animation.infhorse.infhorse.idle": {
      "loop": "loop",
      "animation_length": 4.0,
      "bones": {
        "jointm": {
          "rotation": {
            "x": {
              "0.0000": 0.8594,
              "0.2000": 0.5993,
              "0.6333": -0.704,
              "0.8000": -0.8581,
              "1.5333": 0.849,
              "1.7333": 0.6877,
              "2.1667": -0.6189,
              "2.3667": -0.859,
              "3.0667": 0.818,
              "4.0000": 0.8594
            }
          }
        },
        "pop1x": {
          "rotation": {
            "x": {
              "0.0000": 1.4954,
              "0.2000": 1.0793,
              "0.6333": -1.123393,
              "0.8333": -1.49381,
              "1.6000": 1.4745,
              "1.8000": 1.2366,
              "2.2667": -1.083103,
              "2.4667": -1.495262,
              "2.6667": -1.075315,
              "3.2000": 1.14198,
              "3.3667": 1.537722,
              "3.6667": 1.830248,
              "4.0000": 1.4954
            }
          }
        },
        "pop1x_1": {
          "rotation": {
            "x": {
              "0.0000": 0.9282,
              "0.5667": -0.927676,
              "1.1000": 0.92,
              "1.7000": -0.9252,
              "2.2333": 0.924976,
              "2.8000": -0.9269,
              "3.3333": 0.863276,
              "3.6667": 1.398,
              "4.0000": 0.9282
            }
          }
        },
        "pop1x_2": {
          "rotation": {
            "x": {
              "0.0000": 1.1832,
              "0.7000": -1.1826,
              "1.4000": 1.1809,
              "1.5667": 0.920596,
              "1.9333": -0.795709,
              "2.1333": -1.181124,
              "2.8333": 1.182571,
              "3.4667": 1.127915,
              "3.8000": 1.521214,
              "4.0000": 1.1832
            }
          }
        },
        "popX1": {
          "position": {
            "x": {
              "0.0000": 0.24,
              "0.7667": -0.239259,
              "1.5667": 0.239861,
              "2.4000": -0.2367,
              "3.1333": 0.239778,
              "3.9333": 0.275031,
              "4.0000": 0.24
            }
          }
        },
        "popX1_1": {
          "position": {
            "x": {
              "0.0000": 0.4176,
              "0.8333": -0.417131,
              "1.6000": 0.4118,
              "1.8000": 0.3453,
              "2.4667": -0.417525,
              "3.2000": 0.3944,
              "3.6667": 0.56877,
              "3.9500": 0.467686,
              "4.0000": 0.4176
            }
          }
        },
        "popX1_2": {
          "position": {
            "x": {
              "0.0000": 0.2592,
              "0.5667": -0.259038,
              "1.1000": 0.2569,
              "1.7000": -0.2584,
              "2.2333": 0.258338,
              "2.8000": -0.2588,
              "3.3333": 0.24104,
              "3.6667": 0.390371,
              "3.9500": 0.304924,
              "4.0000": 0.2592
            }
          }
        },
        "popX1_3": {
          "position": {
            "x": {
              "0.0000": 0.3304,
              "0.7000": -0.3302,
              "1.3667": 0.323139,
              "2.1333": -0.329842,
              "2.8667": 0.325438,
              "3.5333": 0.360638,
              "3.8333": 0.422319,
              "3.9500": 0.377586,
              "4.0000": 0.3304
            }
          }
        },
        "popX1_4": {
          "position": {
            "x": {
              "0.0000": 0.24,
              "0.7667": -0.239259,
              "1.5667": 0.239861,
              "2.4000": -0.2367,
              "3.1333": 0.239778,
              "3.9333": 0.275031,
              "4.0000": 0.24
            }
          }
        }
      }
    }
  }
}