{
  "format_version": "1.8.0",
  "animations": {
    "animation.infplayerhead.infplayerhead.walk": {
      "loop": "loop",
      "animation_length": 0.6667,
      "bones": {
        "jointFFLLX": {
          "rotation": {
            "y": {
              "0.0000": -1.6509,
              "0.2000": -1.2832,
              "0.6167": -1.742825,
              "0.6667": -1.6509
            }
          }
        },
        "jointFFRLX": {
          "rotation": {
            "y": {
              "0.0000": -1.6509,
              "0.2000": -1.2832,
              "0.6167": -1.742825,
              "0.6667": -1.6509
            }
          }
        },
        "jointFLLX": {
          "rotation": {
            "y": {
              "0.0000": 2.0636,
              "0.1000": 2.0389,
              "0.2000": 1.604,
              "0.6667": 2.0636
            }
          }
        },
        "jointFRLX": {
          "rotation": {
            "y": {
              "0.0000": 2.0636,
              "0.1000": 2.0389,
              "0.2000": 1.604,
              "0.6667": 2.0636
            }
          }
        },
        "jointBLLX": {
          "rotation": {
            "y": {
              "0.0000": -3.0955,
              "0.1000": -3.0584,
              "0.2000": -2.4059,
              "0.6667": -3.0955
            }
          }
        },
        "jointBRLX": {
          "rotation": {
            "y": {
              "0.0000": -3.0955,
              "0.1000": -3.0584,
              "0.2000": -2.4059,
              "0.6667": -3.0955
            }
          }
        },
        "jointBBLLX": {
          "rotation": {
            "y": {
              "0.0000": 3.0955,
              "0.1000": 3.0584,
              "0.2000": 2.4059,
              "0.6667": 3.0955
            }
          }
        },
        "jointBBRLX": {
          "rotation": {
            "y": {
              "0.0000": 3.0955,
              "0.1000": 3.0584,
              "0.2000": 2.4059,
              "0.6667": 3.0955
            }
          }
        },
        "jointFFLLY": {
          "rotation": {
            "z": {
              "0.0000": -1.1377,
              "0.4667": 2.104592,
              "0.6167": -1.485064,
              "0.6667": -1.1377
            }
          }
        },
        "jointFFRLY": {
          "rotation": {
            "z": {
              "0.0000": 1.1377,
              "0.4667": -2.104592,
              "0.6167": 1.485064,
              "0.6667": 1.1377
            }
          }
        },
        "jointFLLY": {
          "rotation": {
            "z": {
              "0.0000": 1.1377,
              "0.4667": -2.104592,
              "0.6167": 1.485064,
              "0.6667": 1.1377
            }
          }
        },
        "jointFRLY": {
          "rotation": {
            "z": {
              "0.0000": -1.1377,
              "0.4667": 2.104592,
              "0.6167": -1.485064,
              "0.6667": -1.1377
            }
          }
        },
        "jointBLLY": {
          "rotation": {
            "z": {
              "0.0000": -1.1377,
              "0.4667": 2.104592,
              "0.6167": -1.485064,
              "0.6667": -1.1377
            }
          }
        },
        "jointBRLY": {
          "rotation": {
            "z": {
              "0.0000": 1.1377,
              "0.4667": -2.104592,
              "0.6167": 1.485064,
              "0.6667": 1.1377
            }
          }
        },
        "jointBBLLY": {
          "rotation": {
            "z": {
              "0.0000": 1.1377,
              "0.4667": -2.104592,
              "0.6167": 1.485064,
              "0.6667": 1.1377
            }
          }
        },
        "jointBBRLY": {
          "rotation": {
            "z": {
              "0.0000": -1.1377,
              "0.4667": 2.104592,
              "0.6167": -1.485064,
              "0.6667": -1.1377
            }
          }
        },
        "mainbody": {
          "position": {
            "y": {
              "0.0000": -0.112,
              "0.3445": 0.109491,
              "0.6167": -0.144147,
              "0.6667": -0.112
            }
          }
        }
      }
    },
    "animation.infplayerhead.infplayerhead.sleeping": {
      "loop": "loop",
      "animation_length": 0.5,
      "bones": {
        "jointFFLLY": {
          "rotation": {
            "z": {
              "0.0000": -45.8366,
              "0.1750": -0.0008,
              "0.3292": -43.801374,
              "0.4417": -58.932543,
              "0.5000": -45.8366
            }
          }
        },
        "jointFFRLY": {
          "rotation": {
            "z": {
              "0.0000": -45.8366,
              "0.1750": -0.0008,
              "0.3292": -43.801374,
              "0.4417": -58.932543,
              "0.5000": -45.8366
            }
          }
        },
        "jointFFLL1": {
          "rotation": {
            "z": {
              "0.0000": -40.107,
              "0.1750": -17.1891,
              "0.3292": -39.089436,
              "0.4417": -46.654971,
              "0.5000": -40.107
            }
          }
        },
        "jointFFRL1": {
          "rotation": {
            "z": {
              "0.0000": -40.107,
              "0.1750": -17.1891,
              "0.3292": -39.089436,
              "0.4417": -46.654971,
              "0.5000": -40.107
            }
          }
        },
        "jointFLLY": {
          "rotation": {
            "z": {
              "0.0000": -5.7296,
              "0.1750": -51.5654,
              "0.3292": -7.764826,
              "0.4417": 7.366343,
              "0.5000": -5.7296
            }
          }
        },
        "jointFRLY": {
          "rotation": {
            "z": {
              "0.0000": -5.7296,
              "0.1750": -51.5654,
              "0.3292": -7.764826,
              "0.4417": 7.366343,
              "0.5000": -5.7296
            }
          }
        },
        "jointBLLY": {
          "rotation": {
            "z": {
              "0.0000": -27.502,
              "0.1750": 27.501,
              "0.3292": -25.059631,
              "0.4417": -43.217143,
              "0.5000": -27.502
            }
          }
        },
        "jointBRLY": {
          "rotation": {
            "z": {
              "0.0000": -27.502,
              "0.1750": 27.501,
              "0.3292": -25.059631,
              "0.4417": -43.217143,
              "0.5000": -27.502
            }
          }
        },
        "jointBBLLY": {
          "rotation": {
            "z": {
              "0.0000": -5.7296,
              "0.1750": -51.5654,
              "0.3292": -7.764826,
              "0.4417": 7.366343,
              "0.5000": -5.7296
            }
          }
        },
        "jointBBRLY": {
          "rotation": {
            "z": {
              "0.0000": -5.7296,
              "0.1750": -51.5654,
              "0.3292": -7.764826,
              "0.4417": 7.366343,
              "0.5000": -5.7296
            }
          }
        }
      }
    }
  }
}