{
  "format_version": "1.8.0",
  "animations": {
    "animation.nogla.nogla.walk": {
      "loop": "loop",
      "animation_length": 0.6667,
      "bones": {
        "jointFLL1": {
          "rotation": {
            "x": {
              "0.0000": 3.5094,
              "0.2500": 2.772904,
              "0.6167": 3.656699,
              "0.6667": 3.5094
            }
          }
        },
        "jointFRL1": {
          "rotation": {
            "x": {
              "0.0000": -3.5094,
              "0.2500": -2.772904,
              "0.6167": -3.656699,
              "0.6667": -3.5094
            }
          }
        },
        "jointBLL1": {
          "rotation": {
            "x": {
              "0.0000": -3.5094,
              "0.2500": -2.772904,
              "0.6167": -3.656699,
              "0.6667": -3.5094
            }
          }
        },
        "jointBRL1": {
          "rotation": {
            "x": {
              "0.0000": 3.5094,
              "0.2500": 2.772904,
              "0.6167": 3.656699,
              "0.6667": 3.5094
            }
          }
        },
        "mainbody": {
          "rotation": {
            "x": {
              "0.0000": -1.956,
              "0.5667": -0.13192,
              "0.6167": -2.116939,
              "0.6667": -1.956
            }
          },
          "position": {
            "y": {
              "0.0000": -0.28,
              "0.5667": -0.013908,
              "0.6167": -0.303477,
              "0.6667": -0.28
            }
          }
        },
        "jointFLL2": {
          "rotation": {
            "x": {
              "0.0000": -3.5094,
              "0.2500": -2.772904,
              "0.6167": -3.656699,
              "0.6667": -3.5094
            }
          }
        },
        "jointFRL2": {
          "rotation": {
            "x": {
              "0.0000": -3.5094,
              "0.2500": -2.772904,
              "0.6167": -3.656699,
              "0.6667": -3.5094
            }
          }
        },
        "jointBLL2": {
          "rotation": {
            "x": {
              "0.0000": 3.5094,
              "0.2500": 2.772904,
              "0.6167": 3.656699,
              "0.6667": 3.5094
            }
          }
        },
        "jointBRL2": {
          "rotation": {
            "x": {
              "0.0000": 3.5094,
              "0.2500": 2.772904,
              "0.6167": 3.656699,
              "0.6667": 3.5094
            }
          }
        }
      }
    },
    "animation.nogla.nogla.idle": {
      "loop": "loop",
      "animation_length": 1.5708,
      "bones": {
        "joint": {
          "rotation": {
            "x": {
              "0.0000": 8.5944,
              "0.1702": 6.641684,
              "0.5890": -6.040255,
              "0.7854": -8.5944,
              "0.9817": -6.052679,
              "1.4006": 6.67591,
              "1.5208": 9.168053,
              "1.5708": 8.5944
            }
          }
        },
        "jointLA1": {
          "rotation": {
            "z": {
              "0.0000": 3.5765,
              "0.3011": -6.008541,
              "0.4974": -8.54055,
              "0.6938": -6.134999,
              "1.2043": 8.124066,
              "1.2828": 8.564696,
              "1.3744": 8.06543,
              "1.5208": 5.168171,
              "1.5708": 3.5765
            }
          }
        },
        "jointLA2": {
          "rotation": {
            "x": {
              "0.0000": 3.5765,
              "0.3011": -6.008541,
              "0.4974": -8.54055,
              "0.6938": -6.134999,
              "1.2043": 8.124066,
              "1.2828": 8.564696,
              "1.3744": 8.06543,
              "1.5208": 5.168171,
              "1.5708": 3.5765
            }
          }
        },
        "jointLA3": {
          "rotation": {
            "x": {
              "0.0000": 3.5765,
              "0.3011": -6.008541,
              "0.4974": -8.54055,
              "0.6938": -6.134999,
              "1.2043": 8.124066,
              "1.2828": 8.564696,
              "1.3744": 8.06543,
              "1.5208": 5.168171,
              "1.5708": 3.5765
            }
          }
        },
        "jointLA4": {
          "rotation": {
            "x": {
              "0.0000": 3.5765,
              "0.3011": -6.008541,
              "0.4974": -8.54055,
              "0.6938": -6.134999,
              "1.2043": 8.124066,
              "1.2828": 8.564696,
              "1.3744": 8.06543,
              "1.5208": 5.168171,
              "1.5708": 3.5765
            }
          }
        },
        "jointRA1": {
          "rotation": {
            "z": {
              "0.0000": 3.5765,
              "0.3011": -6.008541,
              "0.4974": -8.54055,
              "0.6938": -6.134999,
              "1.2043": 8.124066,
              "1.2828": 8.564696,
              "1.3744": 8.06543,
              "1.5208": 5.168171,
              "1.5708": 3.5765
            }
          }
        },
        "jointRA2": {
          "rotation": {
            "x": {
              "0.0000": -3.5765,
              "0.3011": 6.008541,
              "0.4974": 8.54055,
              "0.6938": 6.134999,
              "1.2043": -8.124066,
              "1.2828": -8.564696,
              "1.3744": -8.06543,
              "1.5208": -5.168171,
              "1.5708": -3.5765
            }
          }
        },
        "jointRA3": {
          "rotation": {
            "x": {
              "0.0000": -3.5765,
              "0.3011": 6.008541,
              "0.4974": 8.54055,
              "0.6938": 6.134999,
              "1.2043": -8.124066,
              "1.2828": -8.564696,
              "1.3744": -8.06543,
              "1.5208": -5.168171,
              "1.5708": -3.5765
            }
          }
        },
        "jointRA4": {
          "rotation": {
            "x": {
              "0.0000": -3.5765,
              "0.3011": 6.008541,
              "0.4974": 8.54055,
              "0.6938": 6.134999,
              "1.2043": -8.124066,
              "1.2828": -8.564696,
              "1.3744": -8.06543,
              "1.5208": -5.168171,
              "1.5708": -3.5765
            }
          }
        },
        "jointRAFRF": {
          "rotation": {
            "x": {
              "0.0000": 8.5944,
              "0.1702": 6.641684,
              "0.5890": -6.040255,
              "0.7854": -8.5944,
              "0.9817": -6.052679,
              "1.4006": 6.67591,
              "1.5208": 9.168053,
              "1.5708": 8.5944
            }
          }
        },
        "jointRAFLF": {
          "rotation": {
            "x": {
              "0.0000": 8.5944,
              "0.1702": 6.641684,
              "0.5890": -6.040255,
              "0.7854": -8.5944,
              "0.9817": -6.052679,
              "1.4006": 6.67591,
              "1.5208": 9.168053,
              "1.5708": 8.5944
            }
          }
        },
        "jointRABRF": {
          "rotation": {
            "x": {
              "0.0000": -3.5765,
              "0.3011": 6.008541,
              "0.4974": 8.54055,
              "0.6938": 6.134999,
              "1.2043": -8.124066,
              "1.2828": -8.564696,
              "1.3744": -8.06543,
              "1.5208": -5.168171,
              "1.5708": -3.5765
            }
          }
        },
        "jointRABLF": {
          "rotation": {
            "x": {
              "0.0000": -3.5765,
              "0.3011": 6.008541,
              "0.4974": 8.54055,
              "0.6938": 6.134999,
              "1.2043": -8.124066,
              "1.2828": -8.564696,
              "1.3744": -8.06543,
              "1.5208": -5.168171,
              "1.5708": -3.5765
            }
          }
        },
        "jointLAFRF": {
          "rotation": {
            "x": {
              "0.0000": 8.5944,
              "0.1702": 6.641684,
              "0.5890": -6.040255,
              "0.7854": -8.5944,