{
  "format_version": "1.8.0",
  "animations": {
    "animation.emana.emana.idle": {
      "loop": "loop",
      "animation_length": 4.0,
      "bones": {
        "Ltentacle3": {
          "rotation": {
            "x": {
              "0.0000": 0.0,
              "0.5000": 9.6425,
              "0.7000": 11.2924,
              "0.8000": 11.4543,
              "0.9000": 11.1595,
              "1.2333": 7.159813,
              "2.0000": -8.6723,
              "2.2000": -10.9046,
              "2.3667": -11.456324,
              "2.5667": -10.458526,
              "2.7667": -7.809552,
              "3.4667": -2.572555,
              "3.6000": -2.859236,
              "3.9500": -0.96425,
              "4.0000": 0.0
            }
          }
        },
        "Rtentacle3": {
          "rotation": {
            "x": {
              "0.0000": 0.0,
              "0.5000": 9.6425,
              "0.7000": 11.2924,
              "0.8000": 11.4543,
              "0.9000": 11.1595,
              "1.2333": 7.159813,
              "2.0000": -8.6723,
              "2.2000": -10.9046,
              "2.3667": -11.456324,
              "2.5667": -10.458526,
              "2.7667": -7.809552,
              "3.4667": -2.572555,
              "3.6000": -2.859236,
              "3.9500": -0.96425,
              "4.0000": 0.0
            }
          }
        },
        "Btentacle3": {
          "rotation": {
            "x": {
              "0.0000": 0.0,
              "0.5000": 9.6425,
              "0.7000": 11.2924,
              "0.8000": 11.4543,
              "0.9000": 11.1595,
              "1.2333": 7.159813,
              "2.0000": -8.6723,
              "2.2000": -10.9046,
              "2.3667": -11.456324,
              "2.5667": -10.458526,
              "2.7667": -7.809552,
              "3.4667": -2.572555,
              "3.6000": -2.859236,
              "3.9500": -0.96425,
              "4.0000": 0.0
            }
          }
        }
      }
    }
  }
}