{
  "format_version": "1.8.0",
  "animations": {
    "animation.iki.iki.idle": {
      "loop": "loop",
      "animation_length": 4.0,
      "bones": {
        "mainbody": {
          "rotation": {
            "x": {
              "0.0000": 8.2277,
              "0.3000": 5.923,
              "0.9667": -6.450505,
              "1.2333": -8.226642,
              "1.5000": -6.3235,
              "2.1333": 5.56547,
              "2.4333": 8.212131,
              "2.5667": 7.906348,
              "2.7333": 6.258691,
              "3.4667": 8.818589,
              "3.9500": 8.611817,
              "4.0000": 8.2277
            },
            "z": {
              "0.0000": -2.0569,
              "0.3000": -1.4807,
              "0.9667": 1.612601,
              "1.2333": 2.056685,
              "1.5000": 1.5809,
              "2.1333": -1.391417,
              "2.4333": -2.053008,
              "2.5667": -1.976537,
              "2.7333": -1.564698,
              "3.4667": -2.204648,
              "4.0000": -2.0569
            }
          },
          "position": {
            "y": {
              "0.0000": -0.0,
              "0.4000": -1.3515,
              "0.5667": -1.567449,
              "0.7000": -1.5362,
              "0.9667": -0.961351,
              "1.5667": 1.223718,
              "1.8667": 1.571302,
              "2.1667": 1.028939,
              "2.7667": -1.166924,
              "3.0667": -1.317429,
              "3.3333": -0.700738,
              "3.7000": 0.228496,
              "3.9500": 0.168937,
              "4.0000": -0.0
            }
          }
        },
        "bh": {
          "rotation": {
            "x": {
              "0.0000": 8.5944,
              "0.4000": 18.2738,
              "0.5667": 19.820319,
              "0.6333": 19.873835,
              "0.7000": 19.5966,
              "0.9667": 15.479646,
              "1.5667": -0.169967,
              "1.7333": -2.340747,
              "1.8667": -2.659491,
              "2.1667": 1.22544,
              "2.7667": 16.951954,
              "3.0667": 19.886127,
              "3.3333": 16.339637,
              "3.7000": 8.153059,
              "3.8000": 7.025396,
              "3.9500": 7.384475,
              "4.0000": 8.5944
            }
          }
        },
        "jointFLA": {
          "rotation": {
            "z": {
              "0.0000": -10.7258,
              "0.2333": -8.207404,
              "0.7667": 7.128592,
              "1.0333": 10.714439,
              "1.2667": 8.506373,
              "1.8333": -7.561552,
              "2.1000": -10.7251,
              "2.3667": -7.393375,
              "2.9333": 8.45772,
              "3.1000": 9.073831,
              "3.2333": 6.863512,
              "3.7667": -9.201515,
              "3.9500": -11.265533,
              "4.0000": -10.7258
            }
          }
        },
        "jointFLA_1": {
          "rotation": {
            "z": {
              "0.0000": 16.4553,
              "0.3000": 11.846,
              "0.9667": -12.90101,
              "1.2333": -16.453184,
              "1.5000": -12.6469,
              "2.1333": 11.131039,
              "2.4333": 16.424362,
              "2.5667": 15.812695,
              "2.7333": 12.517382,
              "3.4667": 17.637056,
              "3.9500": 17.223517,
              "4.0000": 16.4553
            }
          }
        },
        "jointFLA_2": {
          "rotation": {
            "z": {
              "0.0000": 0.0,
              "0.4000": 29.0382,
              "0.5667": 33.677856,
              "0.6333": 33.838406,
              "0.7000": 33.0066,
              "0.9667": 20.655839,
              "1.5667": -26.293,
              "1.7333": -32.80534,
              "1.8667": -33.761472,
              "2.1667": -22.106679,
              "2.7667": 25.072663,
              "3.0667": 33.875182,
              "3.3333": 23.235873,
              "3.7000": -1.323939,
              "3.8000": -4.70697,
              "3.9500": -3.629775,
              "4.0000": 0.0
            }
          }
        },
        "jointFLA_3": {
          "rotation": {
            "z": {
              "0.0000": 93.0025,
              "0.2333": 77.892522,
              "0.7667": -14.123852,
              "1.0333": -35.638536,
              "1.2667": -22.390135,
              "1.8333": 74.017113,
              "2.1000": 92.9987,
              "2.3667": 73.008348,
              "2.9333": -22.098324,
              "3.1000": -25.795091,
              "3.2333": -12.533298,
              "3.7667": 83.856565,
              "3.9500": 96.240815,
              "4.0000": 93.0025
            }
          }
        },
        "jointFLA_4": {
          "rotation": {
            "z": {
              "0.0000": 0.0,
              "0.3667": 32.330448,
              "0.5000": 37.4542,
              "0.5667": 38.15476,
              "0.6333": 37.569627,
              "0.9000": 23.398,
              "1.4667": -29.942046,
              "1.6333": -37.325736,
              "1.7000": -38.1447,
              "1.7667": -37.676017,
              "2.0333": -23.898585,
              "2.6000": 29.543,
              "2.8667": 38.106648,
              "3.1333": 26.983495,
              "3.5667": -5.918788,
              "3.7000": -10.026912,
              "3.9500": -4.408297,
              "4.0000": 0.0
            }
          }
        },
        "jointFRA": {
          "rotation": {
            "z": {
              "0.0000": -16.4553,
              "0.3000": -11.846,
              "0.9667": 12.90101,
              "1.2333": 16.453184,
              "1.5000": 12.6469,
              "2.1333": -11.131039,
              "2.4333": -16.424362,
              "2.5667": -15.812695,
              "2.7333": -12.517382,
              "3.4667": -17.637056,
              "3.9500": -17.223517,
              "4.0000": -16.4553
            }
          }
        },
        "jointFRA_1": {
          "rotation": {
            "z": {
              "0.0000": 0.0,
              "0.4000": 9.6794,
              "0.5667": 11.225919,
              "0.6333": 11.279435,
              "0.7000": 11.0022,
              "0.9667": 6.885246,
              "1.5667": -8.764367,
              "1.7333": -10.935147,
              "1.8667": -11.253791,
              "2.1667": -7.36886,
              "2.7667": 8.357554,
              "3.0667": 11.291727,
              "3.3333": 7.745318,
              "3.7000": -0.441299,
              "3.8000": -1.568983,
              "3.9500": -1.209925,
              "4.0000": 0.0
            }
          }
        },
        "jointFRA_2": {
          "rotation": {
            "z": {
              "0.0000": 32.1773,
              "0.2333": 24.622311,
              "0.7667": -21.385876,
              "1.0333": -32.143218,
              "1.2667": -25.519018,
              "1.8333": 22.684557,
              "2.1000": 32.1754,
              "2.3667": 22.180224,
              "2.9333": -25.373063,
              "3.1000": -27.221442,
              "3.2333": -20.590549,
              "3.7667": 27.604341,
              "3.9500": 33.796458,
              "4.0000": 32.1773
            }
          }
        },
        "jointFRA_3": {
          "rotation": {
            "z": {
              "0.0000": 28.6479,
              "0.3667": -36.013097,
              "0.5000": -46.2605,
              "0.5667": -47.661719,
              "0.6333": -46.491454,
              "0.9000": -18.148,
              "1.4667": 88.531993,
              "1.6333": 103.299272,
              "1.7000": 104.9373,
              "1.7667": 103.999934,
              "2.0333": 76.44507,
              "2.6000": -30.4382,
              "2.8667": -47.565397,
              "3.1333": -25.318991,
              "3.5667": 40.485525,
              "3.7000": 48.701767,
              "3.9500": 37.464507,
              "4.0000": 28.6479
            }
          }
        },
        "jointFRA_4": {
          "rotation": {
            "z": {
              "0.0000": -49.366,