{
  "format_version": "1.8.0",
  "animations": {
    "animation.bano.bano.walk": {
      "loop": "loop",
      "animation_length": 0.6667,
      "bones": {
        "Rfrontleg_joint": {
          "rotation": {
            "x": {
              "0.0000": -20.0535,
              "0.4167": 20.050296,
              "0.6167": -24.865571,
              "0.6667": -20.0535
            }
          }
        },
        "Rbackleg_joint": {
          "rotation": {
            "x": {
              "0.0000": 20.0535,
              "0.4167": -20.050296,
              "0.6167": 24.865571,
              "0.6667": 20.0535
            }
          }
        },
        "Lfrontleg_joint": {
          "rotation": {
            "x": {
              "0.0000": 20.0535,
              "0.4167": -20.050296,
              "0.6167": 24.865571,
              "0.6667": 20.0535
            }
          }
        },
        "Lbackleg_joint": {
          "rotation": {
            "x": {
              "0.0000": -20.0535,
              "0.4167": 20.050296,
              "0.6167": -24.865571,
              "0.6667": -20.0535
            }
          }
        },
        "mainbody": {
          "position": {
            "y": {
              "0.0000": -0.924,
              "0.2222": 0.891714,
              "0.4222": -0.862345,
              "0.5834": -1.126554,
              "0.6167": -1.332577,
              "0.6667": -0.924
            }
          }
        }
      }
    },
    "animation.bano.bano.idle": {
      "loop": "loop",
      "animation_length": 4.0,
      "bones": {
        "Lmiddlearm_joint": {
          "rotation": {
            "z": {
              "0.0000": -0.6056,
              "0.2000": -2.105,
              "0.6000": 2.1474,
              "1.0000": -2.1292,
              "1.4333": 2.144744,
              "1.8667": -2.147216,
              "2.2667": 2.125918,
              "2.7000": -2.1443,
              "3.1333": 1.470804,
              "3.5000": 1.883778,
              "3.8000": 0.720134,
              "4.0000": -0.6056
            }
          }
        },
        "LMjoint_1": {
          "rotation": {
            "z": {
              "0.0000": -1.2111,
              "0.2000": -4.2101,
              "0.6000": 4.2948,
              "1.0000": -4.2584,
              "1.4333": 4.289387,
              "1.8667": -4.294533,
              "2.2667": 4.251836,
              "2.7000": -4.2885,
              "3.1333": 4.295215,
              "3.5000": 0.041227,
              "3.8000": 0.286312,
              "3.9500": -0.46135,
              "4.0000": -1.2111
            }
          }
        },
        "LMjoint_2": {
          "rotation": {
            "z": {
              "0.0000": -1.2111,
              "0.2000": -4.2101,
              "0.6000": 4.2948,
              "1.0000": -4.2584,
              "1.4333": 4.289387,
              "1.8667": -4.294533,
              "2.2667": 4.251836,
              "2.7000": -4.2885,
              "3.1333": 4.295215,
              "3.5000": 0.041227,
              "3.8000": 0.286312,
              "3.9500": -0.46135,
              "4.0000": -1.2111
            }
          }
        },
        "Lfrontarm_joint": {
          "rotation": {
            "z": {
              "0.0000": -0.932,
              "0.1667": -2.503407,
              "0.2333": -2.302501,
              "0.6333": 2.505944,
              "1.1000": -2.5034,
              "1.5333": 2.485863,
              "2.0000": -2.4994,
              "2.4667": 2.505164,
              "2.9000": -2.479909,
              "3.0333": -3.302801,
              "3.3667": -2.183218,
              "3.8000": 0.116742,
              "3.9000": -0.135067,
              "4.0000": -0.932
            }
          }
        },
        "LFjoint_1": {
          "rotation": {
            "z": {
              "0.0000": -1.864,
              "0.1667": -5.006815,
              "0.2333": -4.604902,
              "0.6333": 5.011889,
              "1.1000": -5.0069,
              "1.5667": 4.986281,
              "2.0333": -4.954329,
              "2.4667": 5.010176,
              "2.9000": -4.959817,
              "3.0333": -6.605592,
              "3.3667": -4.366491,
              "3.7000": -0.114857,
              "3.8000": 0.233389,
              "3.9500": -0.921344,
              "4.0000": -1.864
            }
          }
        },
        "LFjoint_2": {
          "rotation": {
            "z": {
              "0.0000": -1.864,
              "0.1667": -5.006815,
              "0.2333": -4.604902,
              "0.6333": 5.011889,
              "1.1000": -5.0069,
              "1.5667": 4.986281,
              "2.0333": -4.954329,
              "2.4667": 5.010176,
              "2.9000": -4.959817,
              "3.0333": -6.605592,
              "3.3667": -4.366491,
              "3.7000": -0.114857,
              "3.8000": 0.233389,
              "3.9500": -0.921344,
              "4.0000": -1.864
            }
          }
        },
        "Lbackarm_joint": {
          "rotation": {
            "z": {
              "0.0000": -0.9373,
              "0.1000": -2.5906,
              "0.1667": -2.852902,
              "0.5667": 2.83823,
              "0.9667": -2.818816,
              "1.3333": 2.86101,
              "1.7333": -2.863849,
              "2.1333": 2.86111,
              "2.5000": -2.8195,
              "2.9000": 2.878592,
              "3.3000": 5.43132,
              "3.6000": 4.127076,
              "3.9500": -0.11065,
              "4.0000": -0.9373
            }
          }
        },
        "LBjoint_1": {
          "rotation": {
            "z": {
              "0.0000": -1.8747,
              "0.1000": -5.1812,
              "0.1667": -5.705905,
              "0.5667": 5.67656,
              "0.9667": -5.637631,
              "1.3333": 5.72202,
              "1.7333": -5.727699,
              "2.1333": 5.722121,
              "2.5000": -5.639,
              "2.9000": 5.757285,
              "3.3000": 10.862616,
              "3.6000": 8.253966,
              "3.9500": -0.22145,
              "4.0000": -1.8747
            }
          }
        },
        "LBjoint_2": {
          "rotation": {
            "z": {
              "0.0000": -1.8747,
              "0.1000": -5.1812,
              "0.1667": -5.705905,
              "0.5667": 5.67656,
              "0.9667": -5.637631,
              "1.3333": 5.72202,
              "1.7333": -5.727699,
              "2.1333": 5.722121,
              "2.5000": -5.639,
              "2.9000": 5.757285,
              "3.3000": 10.862616,
              "3.6000": 8.253966,
              "3.9500": -0.22145,
              "4.0000": -1.8747
            }
          }
        },
        "Rmiddlearm_joint": {
          "rotation": {
            "z": {
              "0.0000": 0.6056,
              "0.2000": 2.105,
              "0.6000": -2.1474,
              "1.0000": 2.1292,
              "1.4333": -2.144744,
              "1.8667": 2.147216,
              "2.2667": -2.125918,
              "2.7000": 2.1443,
              "3.1333": -1.470804,
              "3.5000": -1.883778,
              "3.8000": -0.720134,
              "4.0000": 0.6056
            }
          }
        },
        "RMjoint_1": {
          "rotation": {
            "z": {
              "0.0000": 1.2111,
              "0.2000": 4.2101,
              "0.6000": -4.2948,
              "1.0000": 4.2584,
              "1.4333": -4.289387,
              "1.8667": 4.294533,
              "2.2667": -4.251836,
              "2.7000": 4.2885,
              "3.1333": -4.295215,
              "3.5000": -0.041227,
              "3.8000": -0.286312,
              "3.9500": 0.46135,
              "4.0000": 1.2111
            }
          }
        },
        "RMjoint_2": {
          "rotation": {
            "z": {
              "0.0000": 1.2111,
              "0.2000": 4.2101,
              "0.6000": -4.2948,
              "1.0000": 4.2584,
              "1.4333": -4.289387,
              "1.8667": 4.294533,