{
  "format_version": "1.8.0",
  "animations": {
    "animation.canra.canra.walk": {
      "loop": "loop",
      "animation_length": 0.6667,
      "bones": {
        "jointFLLX": {
          "rotation": {
            "y": {
              "0.0000": 7.0187,
              "0.2111": 4.912786,
              "0.6167": 7.517495,
              "0.6667": 7.0187
            }
          }
        },
        "jointFRLX": {
          "rotation": {
            "y": {
              "0.0000": 7.0187,
              "0.2111": 4.912786,
              "0.6167": 7.517495,
              "0.6667": 7.0187
            }
          }
        },
        "jointBLLX": {
          "rotation": {
            "y": {
              "0.0000": -7.0187,
              "0.2111": -4.912786,
              "0.6167": -7.517495,
              "0.6667": -7.0187
            }
          }
        },
        "jointBRLX": {
          "rotation": {
            "y": {
              "0.0000": -7.0187,
              "0.2111": -4.912786,
              "0.6167": -7.517495,
              "0.6667": -7.0187
            }
          }
        },
        "jointLM": {
          "rotation": {
            "y": {
              "0.0000": -3.5094,
              "0.2111": -2.456393,
              "0.6167": -3.758809,
              "0.6667": -3.5094
            }
          }
        },
        "jointRM": {
          "rotation": {
            "y": {
              "0.0000": 3.5094,
              "0.2111": 2.456393,
              "0.6167": 3.758809,
              "0.6667": 3.5094
            }
          }
        },
        "jointFLLY": {
          "rotation": {
            "z": {
              "0.0000": -1.8961,
              "0.3500": 2.38871,
              "0.6167": -2.508216,
              "0.6667": -1.8961
            }
          }
        },
        "jointFRLY": {
          "rotation": {
            "z": {
              "0.0000": 1.8961,
              "0.3500": -2.38871,
              "0.6167": 2.508216,
              "0.6667": 1.8961
            }
          }
        },
        "jointBLLY": {
          "rotation": {
            "z": {
              "0.0000": 1.5169,
              "0.3500": -1.911008,
              "0.6167": 2.006601,
              "0.6667": 1.5169
            }
          }
        },
        "jointBRLY": {
          "rotation": {
            "z": {
              "0.0000": -1.5169,
              "0.3500": 1.911008,
              "0.6167": -2.006601,
              "0.6667": -1.5169
            }
          }
        },
        "mainbody": {
          "position": {
            "y": {
              "0.0000": -0.224,
              "0.4167": 0.223964,
              "0.6167": -0.277751,
              "0.6667": -0.224
            }
          }
        }
      }
    },
    "animation.canra.canra.idle": {
      "loop": "loop",
      "animation_length": 1.5708,
      "bones": {
        "jointLM": {
          "rotation": {
            "y": {
              "0.0000": 5.7296,
              "0.1963": 4.026856,
              "0.6152": -4.427766,
              "0.7854": -5.7296,
              "0.9556": -4.43416,
              "1.3744": 4.083754,
              "1.5208": 6.16331,
              "1.5708": 5.7296
            }
          }
        },
        "jointRM": {
          "rotation": {
            "y": {
              "0.0000": -5.7296,
              "0.1963": -4.026856,
              "0.6152": 4.427766,
              "0.7854": 5.7296,
              "0.9556": 4.43416,
              "1.3744": -4.083754,
              "1.5208": -6.16331,
              "1.5708": -5.7296
            }
          }
        }
      }
    },
    "animation.canra.canra.evolved": {
      "loop": "loop",
      "animation_length": 0.7854,
      "bones": {
        "jointLM": {
          "rotation": {
            "y": {
              "0.0000": 11.4592,
              "0.3927": -11.4592,
              "0.7354": 14.377254,
              "0.7854": 11.4592
            }
          }
        },
        "jointRM": {
          "rotation": {
            "y": {
              "0.0000": -11.4592,
              "0.3927": 11.4592,
              "0.7354": -14.377254,
              "0.7854": -11.4592
            }
          }
        }
      }
    },
    "animation.canra.canra.sleeping": {
      "loop": "loop",
      "animation_length": 1.0472,
      "bones": {
        "jointLM": {
          "rotation": {
            "y": {
              "0.0000": -0.0,
              "0.5236": 34.10248,
              "0.9972": -3.256539,
              "1.0472": -0.0
            }
          }
        },
        "jointRM": {
          "rotation": {
            "y": {
              "0.0000": -11.4592,
              "0.5236": -45.561581,
              "0.9972": -8.20267,
              "1.0472": -11.4592
            }
          }
        },
        "jointH": {
          "rotation": {
            "y": {
              "0.0000": -22.9183,
              "0.2618": 22.368261,
              "0.5236": -22.551607,
              "0.8029": -22.9183,
              "0.9972": -31.567376,
              "1.0472": -22.9183
            }
          }
        }
      }
    }
  }
}