{
  "format_version": "1.8.0",
  "animations": {
    "animation.ranrac.ranrac.walk": {
      "loop": "loop",
      "animation_length": 0.6667,
      "bones": {
        "jointFLLY": {
          "rotation": {
            "x": {
              "0.0000": 0.9101,
              "0.3333": -1.146614,
              "0.5334": 0.400527,
              "0.6167": 1.218638,
              "0.6667": 0.9101
            }
          }
        },
        "jointFLL1": {
          "rotation": {
            "x": {
              "0.0000": 1.3652,
              "0.3333": -1.719921,
              "0.5334": 0.600829,
              "0.6167": 1.828014,
              "0.6667": 1.3652
            }
          }
        },
        "jointFRLY": {
          "rotation": {
            "x": {
              "0.0000": -0.9101,
              "0.3333": 1.146614,
              "0.5334": -0.400527,
              "0.6167": -1.218638,
              "0.6667": -0.9101
            }
          }
        },
        "jointFRL1": {
          "rotation": {
            "x": {
              "0.0000": -1.3652,
              "0.3333": 1.719921,
              "0.5334": -0.600829,
              "0.6167": -1.828014,
              "0.6667": -1.3652
            }
          }
        },
        "jointBLLY": {
          "rotation": {
            "x": {
              "0.0000": -0.9101,
              "0.3333": 1.146614,
              "0.5334": -0.400527,
              "0.6167": -1.218638,
              "0.6667": -0.9101
            }
          }
        },
        "jointBLL1": {
          "rotation": {
            "x": {
              "0.0000": -1.3652,
              "0.3333": 1.719921,
              "0.5334": -0.600829,
              "0.6167": -1.828014,
              "0.6667": -1.3652
            }
          }
        },
        "jointBRLY": {
          "rotation": {
            "x": {
              "0.0000": 0.9101,
              "0.3333": -1.146614,
              "0.5334": 0.400527,
              "0.6167": 1.218638,
              "0.6667": 0.9101
            }
          }
        },
        "jointBRL1": {
          "rotation": {
            "x": {
              "0.0000": 1.3652,
              "0.3333": -1.719921,
              "0.5334": 0.600829,
              "0.6167": 1.828014,
              "0.6667": 1.3652
            }
          }
        },
        "jointRAY": {
          "rotation": {
            "x": {
              "0.0000": 1.7065,
              "0.3333": -2.149826,
              "0.5334": 0.751054,
              "0.6167": 2.285007,
              "0.6667": 1.7065
            }
          }
        },
        "jointLAY": {
          "rotation": {
            "x": {
              "0.0000": -1.7065,
              "0.3333": 2.149826,
              "0.5334": -0.751054,
              "0.6167": -2.285007,
              "0.6667": -1.7065
            }
          }
        },
        "mainbody": {
          "rotation": {
            "x": {
              "0.0000": 0.6317,
              "0.2000": 0.4439,
              "0.6667": 0.6317
            }
          },
          "position": {
            "y": {
              "0.0000": -0.224,
              "0.3945": 0.218816,
              "0.6167": -0.280124,
              "0.6667": -0.224
            }
          }
        },
        "jointFLLX": {
          "rotation": {
            "y": {
              "0.0000": -2.0854,
              "0.1278": -2.514835,
              "0.2556": -2.317464,
              "0.5723": -2.088902,
              "0.6167": -1.917389,
              "0.6667": -2.0854
            }
          }
        },
        "jointFRLX": {
          "rotation": {
            "y": {
              "0.0000": -2.0854,
              "0.1278": -2.514835,
              "0.2556": -2.317464,
              "0.5723": -2.088902,
              "0.6167": -1.917389,
              "0.6667": -2.0854
            }
          }
        },
        "jointBLLX": {
          "rotation": {
            "y": {
              "0.0000": 2.0854,
              "0.1278": 2.514835,
              "0.2556": 2.317464,
              "0.5723": 2.088902,
              "0.6167": 1.917389,
              "0.6667": 2.0854
            }
          }
        },
        "jointBRLX": {
          "rotation": {
            "y": {
              "0.0000": 2.0854,
              "0.1278": 2.514835,
              "0.2556": 2.317464,
              "0.5723": 2.088902,
              "0.6167": 1.917389,
              "0.6667": 2.0854
            }
          }
        },
        "jointRAX": {
          "rotation": {
            "y": {
              "0.0000": 0.9101,
              "0.3333": -1.146614,
              "0.5334": 0.400527,
              "0.6167": 1.218638,
              "0.6667": 0.9101
            }
          }
        },
        "jointRA1": {
          "rotation": {
            "y": {
              "0.0000": -1.7065,
              "0.2056": -3.031816,
              "0.2556": -3.059293,
              "0.5723": -0.781326,
              "0.5834": -1.348006,
              "0.6167": -1.384196,
              "0.6667": -1.7065
            },
            "z": {
              "0.0000": -39.0542,
              "0.2556": -39.531589,
              "0.5723": -39.898675,
              "0.6167": -38.960814,
              "0.6667": -39.0542
            }
          }
        },
        "jointLAX": {
          "rotation": {
            "y": {
              "0.0000": 0.9101,
              "0.3333": -1.146614,
              "0.5334": 0.400527,
              "0.6167": 1.218638,
              "0.6667": 0.9101
            }
          }
        },
        "jointLA1": {
          "rotation": {
            "y": {
              "0.0000": -1.7065,
              "0.2056": -3.031816,
              "0.2556": -3.059293,
              "0.5723": -0.781326,
              "0.5834": -1.348006,
              "0.6167": -1.384196,
              "0.6667": -1.7065
            },
            "z": {
              "0.0000": 41.1599,
              "0.2556": 40.682511,
              "0.5723": 40.315425,
              "0.6167": 41.253286,
              "0.6667": 41.1599
            }
          }
        }
      }
    },
    "animation.ranrac.ranrac.death": {
      "loop": "loop",
      "animation_length": 4.0,
      "bones": {
        "jointRAY": {
          "rotation": {
            "x": {
              "0.0000": 39.0677,
              "0.4667": 17.235956,
              "0.8667": 37.741556,
              "1.0000": 39.9851,
              "1.5000": 17.1888,
              "2.0000": 39.9994,
              "2.5333": 17.227219,
              "3.0333": 39.367913,
              "3.1667": 43.760921,
              "3.5000": 49.295602,
              "3.8333": 45.312559,
              "3.9500": 41.406648,
              "4.0000": 39.0677
            }
          }
        },
        "jointRA1": {
          "rotation": {
            "y": {
              "0.0000": 40.107,
              "0.1667": 1.54307,
              "0.3000": -4.5308,
              "0.8000": 85.7679,
              "0.9000": 75.528,
              "1.2000": 3.728,
              "1.3333": -5.232556,
              "1.7000": 72.1869,
              "1.8333": 85.936278,
              "1.9667": 71.891211,
              "2.2333": 6.175946,
              "2.3667": -5.629403,
              "2.7667": 75.779788,
              "2.9000": 85.6072,
              "3.3333": 12.70176,
              "3.4000": 13.469286,
              "3.7333": 51.02474,
              "3.8333": 56.712902,
              "3.9500": 51.673866,
              "4.0000": 40.107
            },
            "z": {
              "0.0000": -50.5268,
              "0.8000": -29.2025,
              "0.9000": -28.6488,
              "0.9667": -28.849329,
              "1.1000": -30.57,
              "1.2000": -32.8733,
              "1.7000": -48.4604,
              "1.8333": -50.855277,
              "1.9667": -51.553447,
              "2.2333": -47.703599,
              "2.7667": -31.310494,
              "2.9000": -29.129605,