{
  "format_version": "1.8.0",
  "animations": {
    "animation.shyco.shyco.walk": {
      "loop": "loop",
      "animation_length": 0.6667,
      "bones": {
        "jointLL": {
          "rotation": {
            "x": {
              "0.0000": 5.7172,
              "0.5667": 3.499477,
              "0.6167": 5.91287,
              "0.6667": 5.7172
            }
          }
        },
        "jointRL": {
          "rotation": {
            "x": {
              "0.0000": 2.3042,
              "0.5667": 4.521923,
              "0.6167": 2.10853,
              "0.6667": 2.3042
            }
          }
        },
        "jointLL1": {
          "rotation": {
            "x": {
              "0.0000": 8.8236,
              "0.2389": 8.084198,
              "0.6167": 8.978351,
              "0.6667": 8.8236
            }
          }
        },
        "jointRL1": {
          "rotation": {
            "x": {
              "0.0000": 3.2086,
              "0.2389": 3.947902,
              "0.6167": 3.05387,
              "0.6667": 3.2086
            }
          }
        },
        "jointLL2": {
          "rotation": {
            "x": {
              "0.0000": 8.8236,
              "0.2389": 8.084198,
              "0.6167": 8.978351,
              "0.6667": 8.8236
            }
          }
        },
        "jointRL2": {
          "rotation": {
            "x": {
              "0.0000": 3.2086,
              "0.2389": 3.947902,
              "0.6167": 3.05387,
              "0.6667": 3.2086
            }
          }
        },
        "jointLA": {
          "rotation": {
            "x": {
              "0.0000": -0.7019,
              "0.2389": -0.5169,
              "0.6667": -0.7019
            },
            "y": {
              "0.0000": -1.7547,
              "0.2389": -1.2922,
              "0.6167": -1.851498,
              "0.6667": -1.7547
            }
          }
        },
        "jointRA": {
          "rotation": {
            "x": {
              "0.0000": -0.7019,
              "0.2389": -0.5169,
              "0.6667": -0.7019
            },
            "y": {
              "0.0000": -1.7547,
              "0.2389": -1.2922,
              "0.6167": -1.851498,
              "0.6667": -1.7547
            }
          }
        },
        "jointLM1": {
          "rotation": {
            "z": {
              "0.0000": -0.7019,
              "0.2389": -0.5169,
              "0.6667": -0.7019
            }
          }
        },
        "jointLM2": {
          "rotation": {
            "z": {
              "0.0000": -1.0528,
              "0.2389": -0.7753,
              "0.6667": -1.0528
            }
          }
        },
        "jointRM1": {
          "rotation": {
            "z": {
              "0.0000": 0.7019,
              "0.2389": 0.5169,
              "0.6667": 0.7019
            }
          }
        },
        "jointRM2": {
          "rotation": {
            "z": {
              "0.0000": 1.0528,
              "0.2389": 0.7753,
              "0.6667": 1.0528
            }
          }
        },
        "mainbody": {
          "position": {
            "y": {
              "0.0000": -0.504,
              "0.5000": 0.467415,
              "0.6167": -0.601141,
              "0.6667": -0.504
            }
          }
        }
      }
    },
    "animation.shyco.shyco.idle": {
      "loop": "loop",
      "animation_length": 4.0,
      "bones": {
        "jointLA": {
          "rotation": {
            "x": {
              "0.0000": -8.5944,
              "0.3333": -6.754024,
              "1.1667": 5.936464,
              "1.3667": 7.887812,
              "1.5667": 8.594005,
              "1.7000": 8.309,
              "1.7667": 7.943166,
              "1.9667": 6.03829,
              "2.8000": -6.6655,
              "3.0000": -8.364205,
              "3.2000": -9.435732,
              "3.5333": -9.960332,
              "3.6333": -9.850617,
              "3.9500": -8.870484,
              "4.0000": -8.5944
            },
            "y": {
              "0.0000": -6.3598,
              "0.3000": -4.946,
              "1.0333": 4.430558,
              "1.1667": 5.587439,
              "1.3667": 6.353305,
              "1.5333": 6.010495,
              "1.7000": 4.8205,
              "2.6333": -6.044479,
              "2.8000": -6.3478,
              "2.9333": -5.961736,
              "3.0667": -5.843989,
              "3.2000": -5.960462,
              "3.6333": -6.830239,
              "3.9500": -6.595433,
              "4.0000": -6.3598
            }
          }
        },
        "jointRA": {
          "rotation": {
            "x": {
              "0.0000": -8.5944,
              "0.3333": -6.754024,
              "1.1667": 5.936464,
              "1.3667": 7.887812,
              "1.5667": 8.594005,
              "1.7000": 8.309,
              "1.7667": 7.943166,
              "1.9667": 6.03829,
              "2.8000": -6.6655,
              "3.0000": -8.364205,
              "3.2000": -9.435732,
              "3.5333": -9.960332,
              "3.6333": -9.850617,
              "3.9500": -8.870484,
              "4.0000": -8.5944
            },
            "y": {
              "0.0000": -6.3598,
              "0.3000": -4.946,
              "1.0333": 4.430558,
              "1.1667": 5.587439,
              "1.3667": 6.353305,
              "1.5333": 6.010495,
              "1.7000": 4.8205,
              "2.6333": -6.044479,
              "2.8000": -6.3478,
              "2.9333": -5.961736,
              "3.0667": -5.843989,
              "3.2000": -5.960462,
              "3.6333": -6.830239,
              "3.9500": -6.595433,
              "4.0000": -6.3598
            }
          }
        },
        "jointLM1": {
          "rotation": {
            "z": {
              "0.0000": -8.5944,
              "0.3333": -6.753878,
              "1.1667": 5.936418,
              "1.3667": 7.887793,
              "1.5667": 8.593875,
              "1.7667": 7.943092,
              "1.9667": 6.038339,
              "3.0667": -9.256087,
              "3.2000": -10.137316,
              "3.6333": -10.306022,
              "4.0000": -8.5944
            }
          }
        },
        "jointLM2": {
          "rotation": {
            "z": {
              "0.0000": -8.5944,
              "0.3333": -6.753878,
              "1.1667": 5.936418,
              "1.3667": 7.887793,
              "1.5667": 8.593875,
              "1.7667": 7.943092,
              "1.9667": 6.038339,
              "3.0667": -9.256087,
              "3.2000": -10.137316,
              "3.6333": -10.306022,
              "4.0000": -8.5944
            }
          }
        },
        "jointRM1": {
          "rotation": {
            "z": {
              "0.0000": 8.5944,
              "0.3333": 6.753878,
              "1.1667": -5.936418,
              "1.3667": -7.887793,
              "1.5667": -8.593875,
              "1.7667": -7.943092,
              "1.9667": -6.038339,
              "3.0667": 9.256087,
              "3.2000": 10.137316,
              "3.6333": 10.306022,
              "4.0000": 8.5944
            }
          }
        },
        "jointRM2": {
          "rotation": {
            "z": {
              "0.0000": 8.5944,
              "0.3333": 6.753878,
              "1.1667": -5.936418,
              "1.3667": -7.887793,
              "1.5667": -8.593875,
              "1.7667": -7.943092,
              "1.9667": -6.038339,
              "3.0667": 9.256087,
              "3.2000": 10.137316,
              "3.6333": 10.306022,
              "4.0000": 8.5944
            }
          }
        }
      }
    },
    "animation.shyco.shyco.evolved": {
      "loop": "loop",
      "animation_length": 4.0,
      "bones": {
        "jointLA": {
          "rotation": {
            "x": {
              "0.0000": -8.5944,
              "0.2333": -6.334598,
              "0.7333": 5.928075,
              "0.9000": 8.2606,
              "1.0000": 8.588,