{
  "format_version": "1.8.0",
  "animations": {
    "animation.flog.flog.walk": {
      "loop": "loop",
      "animation_length": 0.6667,
      "bones": {
        "jointLL1": {
          "rotation": {
            "x": {
              "0.0000": 13.819,
              "0.3945": 3.007708,
              "0.6167": 15.189252,
              "0.6667": 13.819
            }
          }
        },
        "jointRL1": {
          "rotation": {
            "x": {
              "0.0000": 6.2345,
              "0.3945": 17.045792,
              "0.6167": 4.864248,
              "0.6667": 6.2345
            }
          }
        },
        "jointLA": {
          "rotation": {
            "x": {
              "0.0000": -7.0187,
              "0.5667": -0.326154,
              "0.6167": -7.609184,
              "0.6667": -7.0187
            }
          }
        },
        "jointRA": {
          "rotation": {
            "x": {
              "0.0000": 7.0187,
              "0.5667": 0.326154,
              "0.6167": 7.609184,
              "0.6667": 7.0187
            }
          }
        },
        "mainbody": {
          "position": {
            "y": {
              "0.0000": -0.28,
              "0.2945": 0.279614,
              "0.5334": -0.249038,
              "0.6611": -0.284948,
              "0.6667": -0.28
            }
          }
        },
        "jointLA_2": {
          "rotation": {
            "z": {
              "0.0000": 21.5704,
              "0.3945": 17.245863,
              "0.6167": 22.118504,
              "0.6667": 21.5704
            }
          }
        },
        "jointLA_4": {
          "rotation": {
            "z": {
              "0.0000": 1.1377,
              "0.3945": -2.105727,
              "0.6167": 1.548781,
              "0.6667": 1.1377
            }
          }
        },
        "jointLA_6": {
          "rotation": {
            "z": {
              "0.0000": 20.812,
              "0.3945": 18.649682,
              "0.6167": 21.086058,
              "0.6667": 20.812
            }
          }
        },
        "jointRA_2": {
          "rotation": {
            "z": {
              "0.0000": 18.5366,
              "0.3945": 22.861137,
              "0.6167": 17.988496,
              "0.6667": 18.5366
            }
          }
        },
        "jointRA_4": {
          "rotation": {
            "z": {
              "0.0000": -1.1377,
              "0.3945": 2.105727,
              "0.6167": -1.548781,
              "0.6667": -1.1377
            }
          }
        },
        "jointRA_6": {
          "rotation": {
            "z": {
              "0.0000": 19.2951,
              "0.3945": 21.457318,
              "0.6167": 19.021055,
              "0.6667": 19.2951
            }
          }
        }
      }
    },
    "animation.flog.flog.idle": {
      "loop": "loop",
      "animation_length": 3.4451,
      "bones": {
        "jointLA": {
          "rotation": {
            "z": {
              "0.0000": -12.0321,
              "0.1723": -11.430016,
              "0.3732": -9.336195,
              "1.2919": 8.501017,
              "1.5216": 11.216985,
              "1.7226": 12.015515,
              "1.9235": 11.216989,
              "2.1532": 8.501017,
              "3.0719": -9.5423,
              "3.2729": -11.734355,
              "3.3951": -12.20682,
              "3.4451": -12.0321
            }
          }
        },
        "jointLA_2": {
          "rotation": {
            "z": {
              "0.0000": -12.0321,
              "0.1723": -11.430016,
              "0.3732": -9.336195,
              "1.2919": 8.501017,
              "1.5216": 11.216985,
              "1.7226": 12.015515,
              "1.9235": 11.216989,
              "2.1532": 8.501017,
              "3.0719": -9.5423,
              "3.2729": -11.734355,
              "3.3951": -12.20682,
              "3.4451": -12.0321
            }
          }
        },
        "jointLA_4": {
          "rotation": {
            "z": {
              "0.0000": -12.0321,
              "0.1723": -11.430016,
              "0.3732": -9.336195,
              "1.2919": 8.501017,
              "1.5216": 11.216985,
              "1.7226": 12.015515,
              "1.9235": 11.216989,
              "2.1532": 8.501017,
              "3.0719": -9.5423,
              "3.2729": -11.734355,
              "3.3951": -12.20682,
              "3.4451": -12.0321
            }
          }
        },
        "jointLA_6": {
          "rotation": {
            "z": {
              "0.0000": -12.0321,
              "0.1723": -11.430016,
              "0.3732": -9.336195,
              "1.2919": 8.501017,
              "1.5216": 11.216985,
              "1.7226": 12.015515,
              "1.9235": 11.216989,
              "2.1532": 8.501017,
              "3.0719": -9.5423,
              "3.2729": -11.734355,
              "3.3951": -12.20682,
              "3.4451": -12.0321
            }
          }
        },
        "jointRA": {
          "rotation": {
            "z": {
              "0.0000": -11.4592,
              "0.1723": -10.87431,
              "0.3732": -8.842256,
              "1.2632": 7.84727,
              "1.4929": 10.589329,
              "1.6938": 11.453241,
              "1.8948": 10.761523,
              "2.1245": 8.199475,
              "3.0432": -8.87202,
              "3.2441": -11.045517,
              "3.3951": -11.62893,
              "3.4451": -11.4592
            }
          }
        },
        "jointRA_2": {
          "rotation": {
            "z": {
              "0.0000": 11.4592,
              "0.1723": 10.87431,
              "0.3732": 8.842256,
              "1.2632": -7.84727,
              "1.4929": -10.589329,
              "1.6938": -11.453241,
              "1.8948": -10.761523,
              "2.1245": -8.199475,
              "3.0432": 8.87202,
              "3.2441": 11.045517,
              "3.3951": 11.62893,
              "3.4451": 11.4592
            }
          }
        },
        "jointRA_4": {
          "rotation": {
            "z": {
              "0.0000": 11.4592,
              "0.1723": 10.87431,
              "0.3732": 8.842256,
              "1.2632": -7.84727,
              "1.4929": -10.589329,
              "1.6938": -11.453241,
              "1.8948": -10.761523,
              "2.1245": -8.199475,
              "3.0432": 8.87202,
              "3.2441": 11.045517,
              "3.3951": 11.62893,
              "3.4451": 11.4592
            }
          }
        },
        "jointRA_6": {
          "rotation": {
            "z": {
              "0.0000": 11.4592,
              "0.1723": 10.87431,
              "0.3732": 8.842256,
              "1.2632": -7.84727,
              "1.4929": -10.589329,
              "1.6938": -11.453241,
              "1.8948": -10.761523,
              "2.1245": -8.199475,
              "3.0432": 8.87202,
              "3.2441": 11.045517,
              "3.3951": 11.62893,
              "3.4451": 11.4592
            }
          }
        },
        "jointLL1": {
          "rotation": {
            "x": {
              "0.0000": -28.0749,
              "0.2010": -28.879811,
              "0.4306": -31.613971,
              "1.3493": -49.443855,
              "1.5503": -51.542887,
              "1.7226": -52.123779,
              "1.9235": -51.324089,
              "2.1532": -48.608017,
              "3.0719": -30.486391,
              "3.2729": -28.307786,
              "3.3951": -27.874673,
              "3.4451": -28.0749
            }
          }
        },
        "jointLL2": {
          "rotation": {
            "x": {
              "0.0000": -5.1566,
              "0.2010": -5.961511,
              "0.4306": -8.695572,
              "1.3493": -26.525456,
              "1.5503": -28.624586,
              "1.7226": -29.205381,
              "1.9235": -28.405788,
              "2.1532": -25.689717,
              "3.0719": -7.568091,
              "3.2729": -5.389486,