{
  "format_version": "1.8.0",
  "animations": {
    "animation.srparasites.kirin.idle": {
      "loop": "loop",
      "animation_length": 6.2832,
      "bones": {
        "jointURAX": {
          "rotation": {
            "x": {
              "0.0000": -7.48979,
              "0.0524": -7.367074,
              "6.2832": 7.277273
            }
          }
        },
        "jointURAY": {
          "rotation": {
            "y": {
              "0.0000": -9.858461,
              "0.0524": {
                "vector": -9.80639,
                "easing": "easeOutCubic"
              },
              "6.2832": -9.604862
            }
          }
        },
        "jointURA1": {
          "rotation": {
            "y": {
              "0.0000": 5.195158,
              "0.4712": 4.311561,
              "6.2832": {
                "vector": -0.192871,
                "easing": "easeInCubic"
              }
            }
          }
        },
        "jointURA2": {
          "rotation": {
            "z": {
              "0.0000": 7.48979,
              "0.0524": 7.367074,
              "6.2832": -7.277273
            }
          }
        },
        "jointURA3": {
          "rotation": {
            "y": {
              "0.0000": -9.858461,
              "0.0524": {
                "vector": -9.80639,
                "easing": "easeOutCubic"
              },
              "6.2832": -9.604862
            }
          }
        },
        "jointURA4": {
          "rotation": {
            "z": {
              "0.0000": 9.858461,
              "0.0524": 9.80639,
              "6.2832": 9.604862
            }
          }
        },
        "jointULAX": {
          "rotation": {
            "x": {
              "0.0000": 7.48979,
              "0.0524": 7.367074,
              "6.2832": -7.277273
            }
          }
        },
        "jointULAY": {
          "rotation": {
            "y": {
              "0.0000": -5.195158,
              "0.4712": {
                "vector": -4.311561,
                "easing": "easeOutSine"
              },
              "6.2832": 0.192871
            }
          }
        },
        "jointULA1": {
          "rotation": {
            "y": {
              "0.0000": 7.48979,
              "0.0524": 7.367074,
              "6.2832": -7.277273
            }
          }
        },
        "jointULA2": {
          "rotation": {
            "z": {
              "0.0000": -7.48979,
              "0.0524": -7.367074,
              "6.2832": 7.277273
            }
          }
        },
        "jointULA3": {
          "rotation": {
            "y": {
              "0.0000": 9.858461,
              "0.0524": 9.80639,
              "6.2832": 9.604862
            }
          }
        },
        "jointULA4": {
          "rotation": {
            "z": {
              "0.0000": -5.195158,
              "0.4712": {
                "vector": -4.311561,
                "easing": "easeOutSine"
              },
              "6.2832": 0.192871
            }
          }
        },
        "jointMRAX": {
          "rotation": {
            "x": {
              "0.0000": 7.48979,
              "0.0524": 7.367074,
              "6.2832": -7.277273
            }
          }
        },
        "jointMRAY": {
          "rotation": {
            "y": {
              "0.0000": -5.195158,
              "0.4712": {
                "vector": -4.311561,
                "easing": "easeOutSine"
              },
              "6.2832": 0.192871
            }
          }
        },
        "jointMRA1": {
          "rotation": {
            "y": {
              "0.0000": 9.858461,
              "0.0524": 9.80639,
              "6.2832": 9.604862
            }
          }
        },
        "jointMRA2": {
          "rotation": {
            "z": {
              "0.0000": -9.858461,
              "0.0524": {
                "vector": -9.80639,
                "easing": "easeOutCubic"
              },
              "6.2832": -9.604862
            }
          }
        },
        "jointMRA3": {
          "rotation": {
            "y": {
              "0.0000": 7.48979,
              "0.0524": 7.367074,
              "6.2832": -7.277273
            }
          }
        },
        "jointMRA4": {
          "rotation": {
            "z": {
              "0.0000": 9.858461,
              "0.0524": 9.80639,
              "6.2832": 9.604862
            }
          }
        },
        "jointMLAX": {
          "rotation": {
            "x": {
              "0.0000": -5.195158,
              "0.4712": {
                "vector": -4.311561,
                "easing": "easeOutSine"
              },
              "6.2832": 0.192871
            }
          }
        },
        "jointMLAY": {
          "rotation": {
            "y": {
              "0.0000": -5.195158,
              "0.4712": {
                "vector": -4.311561,
                "easing": "easeOutSine"
              },
              "6.2832": 0.192871
            }
          }
        },
        "jointMLA1": {
          "rotation": {
            "y": {
              "0.0000": 9.858461,
              "0.0524": 9.80639,
              "6.2832": 9.604862
            }
          }
        },
        "jointMLA2": {
          "rotation": {
            "z": {
              "0.0000": 7.48979,
              "0.0524": 7.367074,
              "6.2832": -7.277273
            }
          }
        },
        "jointMLA3": {
          "rotation": {
            "y": {
              "0.0000": -9.858461,
              "0.0524": {
                "vector": -9.80639,
                "easing": "easeOutCubic"
              },
              "6.2832": -9.604862
            }
          }
        },
        "jointMLA4": {
          "rotation": {
            "z": {
              "0.0000": 7.48979,
              "0.0524": 7.367074,
              "6.2832": -7.277273
            }
          }
        },
        "jointDRAX": {
          "rotation": {
            "x": {
              "0.0000": 7.48979,
              "0.0524": 7.367074,
              "6.2832": -7.277273
            }
          }
        },
        "jointDRAY": {
          "rotation": {
            "y": {
              "0.0000": 9.858461,
              "0.0524": 9.80639,
              "6.2832": 9.604862
            }
          }
        },
        "jointDRA1": {
          "rotation": {
            "y": {
              "0.0000": 9.858461,
              "0.0524": 9.80639,
              "6.2832": 9.604862
            }
          }
        },
        "jointDRA2": {
          "rotation": {
            "z": {
              "0.0000": 9.858461,
              "0.0524": 9.80639,
              "6.2832": 9.604862
            }
          }
        },
        "jointDRA3": {
          "rotation": {
            "y": {
              "0.0000": -9.858461,
              "0.0524": {
                "vector": -9.80639,
                "easing": "easeOutCubic"
              },
              "6.2832": -9.604862
            }
          }
        },
        "jointDRA4": {
          "rotation": {
            "z": {
              "0.0000": -9.858461,
              "0.0524": {
                "vector": -9.80639,
                "easing": "easeOutCubic"
              },
              "6.2832": -9.604862
            }
          }
        },
        "jointDLAX": {
          "rotation": {
            "x": {
              "0.0000": -7.48979,
              "0.0524": -7.367074,
              "6.2832": 7.277273
            }
          }
        },
        "jointDLAY": {
          "rotation": {
            "y": {
              "0.0000": 9.858461,
              "0.0524": 9.80639,
              "6.2832": 9.604862
            }
          }
        },
        "jointDLA1": {
          "rotation": {
            "y": {
              "0.0000": -9.858461,
              "0.0524": {
                "vector": -9.80639,
                "easing": "easeOutCubic"
              },