{
  "format_version": "1.8.0",
  "animations": {
    "animation.ranracadapted.ranracadapted.walk": {
      "loop": "loop",
      "animation_length": 0.6667,
      "bones": {
        "jointFLLY": {
          "rotation": {
            "x": {
              "0.0000": 0.7584,
              "0.5667": -0.041789,
              "0.6167": 0.829001,
              "0.6667": 0.7584
            }
          }
        },
        "jointFLL2": {
          "rotation": {
            "x": {
              "0.0000": 1.1377,
              "0.5667": -0.062678,
              "0.6167": 1.24361,
              "0.6667": 1.1377
            }
          }
        },
        "jointFRLY": {
          "rotation": {
            "x": {
              "0.0000": -0.7584,
              "0.5667": 0.041789,
              "0.6167": -0.829001,
              "0.6667": -0.7584
            }
          }
        },
        "jointFRL2": {
          "rotation": {
            "x": {
              "0.0000": -1.1377,
              "0.5667": 0.062678,
              "0.6167": -1.24361,
              "0.6667": -1.1377
            }
          }
        },
        "jointMLLY": {
          "rotation": {
            "x": {
              "0.0000": -0.7584,
              "0.5667": 0.041789,
              "0.6167": -0.829001,
              "0.6667": -0.7584
            }
          }
        },
        "jointMLL2": {
          "rotation": {
            "x": {
              "0.0000": -1.1377,
              "0.5667": 0.062678,
              "0.6167": -1.24361,
              "0.6667": -1.1377
            }
          }
        },
        "jointMRLY": {
          "rotation": {
            "x": {
              "0.0000": 0.7584,
              "0.5667": -0.041789,
              "0.6167": 0.829001,
              "0.6667": 0.7584
            }
          }
        },
        "jointMRL2": {
          "rotation": {
            "x": {
              "0.0000": 1.1377,
              "0.5667": -0.062678,
              "0.6167": 1.24361,
              "0.6667": 1.1377
            }
          }
        },
        "jointBLLY": {
          "rotation": {
            "x": {
              "0.0000": 0.7584,
              "0.5667": -0.041789,
              "0.6167": 0.829001,
              "0.6667": 0.7584
            }
          }
        },
        "jointBLL2": {
          "rotation": {
            "x": {
              "0.0000": 1.1377,
              "0.5667": -0.062678,
              "0.6167": 1.24361,
              "0.6667": 1.1377
            }
          }
        },
        "jointBRLY": {
          "rotation": {
            "x": {
              "0.0000": -0.7584,
              "0.5667": 0.041789,
              "0.6167": -0.829001,
              "0.6667": -0.7584
            }
          }
        },
        "jointBRL2": {
          "rotation": {
            "x": {
              "0.0000": -1.1377,
              "0.5667": 0.062678,
              "0.6167": -1.24361,
              "0.6667": -1.1377
            }
          }
        },
        "mainbody": {
          "rotation": {
            "x": {
              "0.0000": 0.5615,
              "0.5723": 0.387432,
              "0.6167": 0.576708,
              "0.6667": 0.5615
            }
          },
          "position": {
            "y": {
              "0.0000": -0.224,
              "0.6667": -0.224
            }
          }
        },
        "jointFLLX": {
          "rotation": {
            "y": {
              "0.0000": -1.7378,
              "0.1611": -2.047368,
              "0.3222": -2.088745,
              "0.6167": -1.641721,
              "0.6667": -1.7378
            }
          }
        },
        "jointFRLX": {
          "rotation": {
            "y": {
              "0.0000": -1.7378,
              "0.1611": -2.047368,
              "0.3222": -2.088745,
              "0.6167": -1.641721,
              "0.6667": -1.7378
            }
          }
        },
        "jointMLLX": {
          "rotation": {
            "y": {
              "0.0000": 1.7378,
              "0.1611": 2.047368,
              "0.3222": 2.088745,
              "0.6167": 1.641721,
              "0.6667": 1.7378
            }
          }
        },
        "jointMRLX": {
          "rotation": {
            "y": {
              "0.0000": 1.7378,
              "0.1611": 2.047368,
              "0.3222": 2.088745,
              "0.6167": 1.641721,
              "0.6667": 1.7378
            }
          }
        },
        "jointBLLX": {
          "rotation": {
            "y": {
              "0.0000": -1.7378,
              "0.1611": -2.047368,
              "0.3222": -2.088745,
              "0.6167": -1.641721,
              "0.6667": -1.7378
            }
          }
        },
        "jointBRLX": {
          "rotation": {
            "y": {
              "0.0000": -1.7378,
              "0.1611": -2.047368,
              "0.3222": -2.088745,
              "0.6167": -1.641721,
              "0.6667": -1.7378
            }
          }
        },
        "jointRAX": {
          "rotation": {
            "y": {
              "0.0000": -2.1056,
              "0.2611": -1.7489,
              "0.6167": -2.173907,
              "0.6667": -2.1056
            }
          }
        },
        "jointRAY": {
          "rotation": {
            "y": {
              "0.0000": 0.7584,
              "0.2278": 1.242148,
              "0.4389": 1.403583,
              "0.6167": 0.652222,
              "0.6667": 0.7584
            }
          }
        },
        "jointRA1": {
          "rotation": {
            "y": {
              "0.0000": 1.1377,
              "0.2278": 1.863222,
              "0.4389": 2.104011,
              "0.6167": 0.978455,
              "0.6667": 1.1377
            }
          }
        },
        "jointRA2": {
          "rotation": {
            "y": {
              "0.0000": 0.7584,
              "0.2278": 1.242148,
              "0.4389": 1.403583,
              "0.6167": 0.652222,
              "0.6667": 0.7584
            }
          }
        },
        "jointLAX": {
          "rotation": {
            "y": {
              "0.0000": -2.1056,
              "0.2611": -1.7489,
              "0.6167": -2.173907,
              "0.6667": -2.1056
            }
          }
        },
        "jointLAY": {
          "rotation": {
            "y": {
              "0.0000": -0.7584,
              "0.2278": -1.242148,
              "0.4389": -1.403583,
              "0.6167": -0.652222,
              "0.6667": -0.7584
            }
          }
        },
        "jointLA1": {
          "rotation": {
            "y": {
              "0.0000": -1.1377,
              "0.2278": -1.863222,
              "0.4389": -2.104011,
              "0.6167": -0.978455,
              "0.6667": -1.1377
            }
          }
        },
        "jointLA2": {
          "rotation": {
            "y": {
              "0.0000": -0.7584,
              "0.2278": -1.242148,
              "0.4389": -1.403583,
              "0.6167": -0.652222,
              "0.6667": -0.7584
            }
          }
        }
      }
    },
    "animation.ranracadapted.ranracadapted.death": {
      "loop": "loop",
      "animation_length": 4.0,
      "bones": {
        "jointRAX": {
          "rotation": {
            "y": {
              "0.0000": -13.0312,
              "0.8333": 73.451665,
              "0.9000": 74.481,
              "0.9667": 73.678884,
              "1.1000": 66.7962,
              "1.7000": -4.7656,
              "1.9667": -17.136742,
              "2.2333": -1.738236,
              "2.7667": 63.833434,
              "3.0000": 69.705687,
              "3.3333": 35.663466,
              "3.7000": -12.504204,
              "3.8333": -19.681274,
              "3.9500": -18.220379,
              "4.0000": -13.0312
            }
          }
        },
        "jointRAY": {
          "rotation": {
            "y": {
              "0.0000": 7.8083,
              "0.8333": 51.049733,