{
  "format_version": "1.8.0",
  "animations": {
    "animation.hulladapted.hulladapted.walk": {
      "loop": "loop",
      "animation_length": 0.6667,
      "bones": {
        "jointFLL": {
          "rotation": {
            "x": {
              "0.0000": 3.5094,
              "0.2389": 2.585247,
              "0.6167": 3.702818,
              "0.6667": 3.5094
            }
          }
        },
        "jointFRL": {
          "rotation": {
            "x": {
              "0.0000": -3.5094,
              "0.2389": -2.585247,
              "0.6167": -3.702818,
              "0.6667": -3.5094
            }
          }
        },
        "jointBLL": {
          "rotation": {
            "x": {
              "0.0000": -3.5094,
              "0.2389": -2.585247,
              "0.6167": -3.702818,
              "0.6667": -3.5094
            }
          }
        },
        "jointBRL": {
          "rotation": {
            "x": {
              "0.0000": 3.5094,
              "0.2389": 2.585247,
              "0.6167": 3.702818,
              "0.6667": 3.5094
            }
          }
        },
        "mainbody": {
          "rotation": {
            "x": {
              "0.0000": -0.978,
              "0.5667": 0.050814,
              "0.6167": -1.068772,
              "0.6667": -0.978
            }
          },
          "position": {
            "y": {
              "0.0000": -0.224,
              "0.5056": 0.200335,
              "0.6167": -0.265964,
              "0.6667": -0.224
            }
          }
        }
      }
    },
    "animation.hulladapted.hulladapted.idle": {
      "loop": "loop",
      "animation_length": 4.0,
      "bones": {
        "taclejointL1": {
          "rotation": {
            "z": {
              "0.0000": 5.7296,
              "0.3333": 4.502585,
              "1.1667": -3.957679,
              "1.3667": -5.258562,
              "1.5667": -5.72925,
              "1.7667": -5.295361,
              "1.9667": -4.025493,
              "2.9333": 5.239444,
              "3.2000": 6.758171,
              "3.6333": 6.870666,
              "4.0000": 5.7296
            }
          }
        },
        "taclejointL2": {
          "rotation": {
            "y": {
              "0.0000": 5.7296,
              "0.3333": 4.502585,
              "1.1667": -3.957679,
              "1.3667": -5.258562,
              "1.5667": -5.72925,
              "1.7667": -5.295361,
              "1.9667": -4.025493,
              "2.9333": 5.239444,
              "3.2000": 6.758171,
              "3.6333": 6.870666,
              "4.0000": 5.7296
            }
          }
        },
        "taclejointR1": {
          "rotation": {
            "z": {
              "0.0000": -5.7296,
              "0.3333": -4.502585,
              "1.1667": 3.957679,
              "1.3667": 5.258562,
              "1.5667": 5.72925,
              "1.7667": 5.295361,
              "1.9667": 4.025493,
              "2.9333": -5.239444,
              "3.2000": -6.758171,
              "3.6333": -6.870666,
              "4.0000": -5.7296
            }
          }
        },
        "taclejointR2": {
          "rotation": {
            "y": {
              "0.0000": -5.7296,
              "0.3333": -4.502585,
              "1.1667": 3.957679,
              "1.3667": 5.258562,
              "1.5667": 5.72925,
              "1.7667": 5.295361,
              "1.9667": 4.025493,
              "2.9333": -5.239444,
              "3.2000": -6.758171,
              "3.6333": -6.870666,
              "4.0000": -5.7296
            }
          }
        }
      }
    },
    "animation.hulladapted.hulladapted.evolved": {
      "loop": "loop",
      "animation_length": 1.4345,
      "bones": {
        "taclejointL1": {
          "rotation": {
            "z": {
              "0.0000": 6.3598,
              "0.7173": -6.358037,
              "1.3845": 7.246308,
              "1.4345": 6.3598
            }
          }
        },
        "taclejointL2": {
          "rotation": {
            "y": {
              "0.0000": 6.3598,
              "0.7173": -6.358037,
              "1.3845": 7.246308,
              "1.4345": 6.3598
            }
          }
        },
        "taclejointR1": {
          "rotation": {
            "z": {
              "0.0000": -6.3598,
              "0.7173": 6.358037,
              "1.3845": -7.246308,
              "1.4345": -6.3598
            }
          }
        },
        "taclejointR2": {
          "rotation": {
            "y": {
              "0.0000": -6.3598,
              "0.7173": 6.358037,
              "1.3845": -7.246308,
              "1.4345": -6.3598
            }
          }
        },
        "jointM": {
          "rotation": {
            "x": {
              "0.0000": 35.0077,
              "0.7173": 22.289863,
              "1.3845": 35.894208,
              "1.4345": 35.0077
            }
          }
        }
      }
    }
  }
}