{
  "format_version": "1.8.0",
  "animations": {
    "animation.ikiadapted.ikiadapted.idle": {
      "loop": "loop",
      "animation_length": 4.0,
      "bones": {
        "mainbody": {
          "rotation": {
            "x": {
              "0.0000": 8.9631,
              "0.3000": 6.4524,
              "0.9667": -7.02707,
              "1.2333": -8.961901,
              "1.5000": -6.8887,
              "2.1333": 6.06304,
              "2.4333": 8.946198,
              "2.5667": 8.613025,
              "2.7333": 6.818126,
              "3.4667": 9.606812,
              "3.9500": 9.38155,
              "4.0000": 8.9631
            },
            "z": {
              "0.0000": -2.2408,
              "0.3000": -1.6131,
              "0.9667": 1.756792,
              "1.2333": 2.240475,
              "1.5000": 1.7222,
              "2.1333": -1.51571,
              "2.4333": -2.236599,
              "2.5667": -2.153231,
              "2.7333": -1.704506,
              "3.4667": -2.401727,
              "4.0000": -2.2408
            }
          },
          "position": {
            "y": {
              "0.0000": -0.0,
              "0.4000": -1.5058,
              "0.5667": -1.746443,
              "0.7000": -1.7116,
              "0.9667": -1.071145,
              "1.5667": 1.363508,
              "1.8667": 1.75079,
              "2.1667": 1.146431,
              "2.7667": -1.300215,
              "3.0667": -1.756695,
              "3.3333": -1.204916,
              "3.7000": 0.068665,
              "3.8000": 0.24409,
              "3.9500": 0.188225,
              "4.0000": -0.0
            }
          }
        },
        "jointFLA": {
          "rotation": {
            "z": {
              "0.0000": -12.5317,
              "0.2333": -9.589403,
              "0.7667": 8.328906,
              "1.0333": 12.518411,
              "1.2667": 9.938567,
              "1.8333": -8.83476,
              "2.1000": -12.531,
              "2.3667": -8.638286,
              "2.9333": 9.881816,
              "3.1000": 10.6017,
              "3.2333": 8.019252,
              "3.7667": -10.750678,
              "3.9500": -13.162282,
              "4.0000": -12.5317
            }
          }
        },
        "jointFLA_1": {
          "rotation": {
            "z": {
              "0.0000": 17.9262,
              "0.3000": 12.9048,
              "0.9667": -14.054239,
              "1.2333": -17.923902,
              "1.5000": -13.7774,
              "2.1333": 12.12598,
              "2.4333": 17.892496,
              "2.5667": 17.22615,
              "2.7333": 13.636352,
              "3.4667": 19.213652,
              "3.9500": 18.7631,
              "4.0000": 17.9262
            }
          }
        },
        "jointFLA_2": {
          "rotation": {
            "z": {
              "0.0000": 0.0,
              "0.4000": 32.3543,
              "0.5667": 37.523859,
              "0.6333": 37.702749,
              "0.7000": 36.776,
              "0.9667": 23.014718,
              "1.5667": -29.295651,
              "1.7333": -36.551719,
              "1.8667": -37.616998,
              "2.1667": -24.631228,
              "2.7667": 27.935977,
              "3.0667": 37.743652,
              "3.3333": 25.889446,
              "3.7000": -1.475085,
              "3.8000": -5.244472,
              "3.9500": -4.044288,
              "4.0000": 0.0
            }
          }
        },
        "jointFLA_3": {
          "rotation": {
            "z": {
              "0.0000": 103.8383,
              "0.2333": 86.18412,
              "0.7667": -21.325638,
              "1.0333": -46.462767,
              "1.2667": -30.983701,
              "1.8333": 81.65616,
              "2.1000": 103.8338,
              "2.3667": 80.477618,
              "2.9333": -30.642695,
              "3.1000": -34.9619,
              "3.2333": -19.467135,
              "3.7667": 93.152445,
              "3.9500": 107.621879,
              "4.0000": 103.8383
            }
          }
        },
        "jointFLA_4": {
          "rotation": {
            "z": {
              "0.0000": 0.0,
              "0.3667": 36.730524,
              "0.5000": 42.5516,
              "0.5667": 43.347473,
              "0.6333": 42.682726,
              "0.9000": 26.5823,
              "1.4667": -34.017021,
              "1.6333": -42.405591,
              "1.7000": -43.3361,
              "1.7667": -42.803615,
              "2.0333": -27.151092,
              "2.6000": 33.5637,
              "2.8667": 43.292815,
              "3.1333": 30.655777,
              "3.5667": -6.724326,
              "3.7000": -11.391546,
              "3.9500": -5.008252,
              "4.0000": 0.0
            }
          }
        },
        "jointFRA": {
          "rotation": {
            "z": {
              "0.0000": -17.9262,
              "0.3000": -12.9048,
              "0.9667": 14.054239,
              "1.2333": 17.923902,
              "1.5000": 13.7774,
              "2.1333": -12.12598,
              "2.4333": -17.892496,
              "2.5667": -17.22615,
              "2.7333": -13.636352,
              "3.4667": -19.213652,
              "3.9500": -18.7631,
              "4.0000": -17.9262
            }
          }
        },
        "jointFRA_1": {
          "rotation": {
            "z": {
              "0.0000": 0.0,
              "0.4000": 10.7848,
              "0.5667": 12.507986,
              "0.6333": 12.567616,
              "0.7000": 12.2587,
              "0.9667": 7.671606,
              "1.5667": -9.765217,
              "1.7333": -12.183906,
              "1.8667": -12.539033,
              "2.1667": -8.210409,
              "2.7667": 9.311992,
              "3.0667": 12.581251,
              "3.3333": 8.629818,
              "3.7000": -0.491708,
              "3.8000": -1.748169,
              "3.9500": -1.3481,
              "4.0000": 0.0
            }
          }
        },
        "jointFRA_2": {
          "rotation": {
            "z": {
              "0.0000": 37.5952,
              "0.2333": 28.76811,
              "0.7667": -24.986719,
              "1.0333": -37.555334,
              "1.2667": -29.815801,
              "1.8333": 26.50418,
              "2.1000": 37.593,
              "2.3667": 25.914859,
              "2.9333": -29.645347,
              "3.1000": -31.804954,
              "3.2333": -24.057567,
              "3.7667": 32.252264,
              "3.9500": 39.48699,
              "4.0000": 37.5952
            }
          }
        },
        "jointFRA_3": {
          "rotation": {
            "z": {
              "0.0000": 28.6479,
              "0.3667": -44.813147,
              "0.5000": -56.4553,
              "0.5667": -58.047145,
              "0.6333": -56.717553,
              "0.9000": -24.5168,
              "1.4667": 96.682042,
              "1.6333": 113.458982,
              "1.7000": 115.32,
              "1.7667": 114.25503,
              "2.0333": 82.950084,
              "2.6000": -38.4795,
              "2.8667": -57.937729,
              "3.1333": -32.663654,
              "3.5667": 42.096551,
              "3.7000": 51.430993,
              "3.9500": 38.664405,
              "4.0000": 28.6479
            }
          }
        },
        "jointFRA_4": {
          "rotation": {
            "z": {
              "0.0000": -53.7787,
              "0.3000": -38.7145,
              "0.9667": 42.162618,
              "1.2333": 53.771705,
              "1.5000": 41.3322,
              "2.1333": -36.378041,
              "2.4333": -53.677388,
              "2.5667": -51.678351,
              "2.7333": -40.908955,
              "3.4667": -57.641001,
              "3.9500": -56.2894,
              "4.0000": -53.7787
            }
          }
        },
        "jointBLA": {
          "rotation": {
            "z": {
              "0.0000": 0.0,
              "0.4000": 10.7848,
              "0.5667": 12.507986,
              "0.6333": 12.567616,