{
  "format_version": "1.8.0",
  "animations": {
    "animation.cruxa.cruxa.walk": {
      "loop": "loop",
      "animation_length": 0.6667,
      "bones": {
        "jointLL0": {
          "rotation": {
            "x": {
              "0.0000": 5.8689,
              "0.5667": 3.454045,
              "0.6167": 6.081963,
              "0.6667": 5.8689
            }
          }
        },
        "jointRL0": {
          "rotation": {
            "x": {
              "0.0000": 2.1525,
              "0.5667": 4.567355,
              "0.6167": 1.939437,
              "0.6667": 2.1525
            }
          }
        },
        "jointLL1": {
          "rotation": {
            "x": {
              "0.0000": 4.4619,
              "0.2389": 3.815023,
              "0.6167": 4.597287,
              "0.6667": 4.4619
            }
          }
        },
        "jointRL1": {
          "rotation": {
            "x": {
              "0.0000": -0.4512,
              "0.2389": 0.195677,
              "0.6167": -0.586587,
              "0.6667": -0.4512
            }
          }
        },
        "jointLL2": {
          "rotation": {
            "x": {
              "0.0000": 5.9358,
              "0.2389": 4.900837,
              "0.6167": 6.15241,
              "0.6667": 5.9358
            }
          }
        },
        "jointRL2": {
          "rotation": {
            "x": {
              "0.0000": -1.9251,
              "0.2389": -0.890137,
              "0.6167": -2.14171,
              "0.6667": -1.9251
            }
          }
        },
        "jointLA1": {
          "rotation": {
            "y": {
              "0.0000": 0.0695,
              "0.2611": 0.759792,
              "0.4778": 0.975209,
              "0.6167": -0.062689,
              "0.6667": 0.0695
            }
          }
        },
        "jointRA1": {
          "rotation": {
            "y": {
              "0.0000": 0.0695,
              "0.2611": 0.759792,
              "0.4778": 0.975209,
              "0.6167": -0.062689,
              "0.6667": 0.0695
            }
          }
        },
        "jointLA0": {
          "rotation": {
            "z": {
              "0.0000": -2.4076,
              "0.5723": -0.964396,
              "0.6167": -2.533688,
              "0.6667": -2.4076
            }
          }
        },
        "jointRA0": {
          "rotation": {
            "z": {
              "0.0000": -2.4076,
              "0.5723": -0.964396,
              "0.6167": -2.533688,
              "0.6667": -2.4076
            }
          }
        },
        "mainbody": {
          "position": {
            "y": {
              "0.0000": -0.56,
              "0.5000": 0.519275,
              "0.6167": -0.667928,
              "0.6667": -0.56
            }
          }
        }
      }
    }
  }
}