{
  "format_version": "1.8.0",
  "animations": {
    "animation.inhoos.inhoos.idle": {
      "loop": "loop",
      "animation_length": 4.0,
      "bones": {
        "jointBLLX": {
          "rotation": {
            "x": {
              "0.0000": 0.0,
              "0.2333": 4.603965,
              "0.3333": 5.568508,
              "0.4333": 5.653486,
              "1.0000": -4.3362,
              "1.2000": -5.7076,
              "1.8000": 4.5474,
              "1.9667": 5.728611,
              "2.1333": 4.457074,
              "2.5333": -3.728151,
              "2.7333": -5.717924,
              "2.9333": -4.269129,
              "3.4333": -4.028173,
              "3.8000": -2.834831,
              "3.9500": -0.986705,
              "4.0000": 0.0
            }
          }
        },
        "jointBLLY": {
          "rotation": {
            "y": {
              "0.0000": -0.0,
              "0.8667": -8.733754,
              "1.2333": -10.812676,
              "1.5667": -11.459006,
              "1.7333": -11.308032,
              "1.9333": -10.714197,
              "2.3333": -8.285861,
              "3.5000": 2.333879,
              "3.5667": 2.369193,
              "3.6333": 2.289138,
              "3.9500": 0.503851,
              "4.0000": -0.0
            }
          }
        },
        "jointBLL1": {
          "rotation": {
            "z": {
              "0.0000": -0.0,
              "0.2333": -4.603965,
              "0.3333": -5.568508,
              "0.4333": -5.653486,
              "1.0000": 4.3362,
              "1.2000": 5.7076,
              "1.8000": -4.5474,
              "1.9667": -5.728611,
              "2.1333": -4.457074,
              "2.5333": 3.728151,
              "2.7333": 5.717924,
              "2.9333": 4.269129,
              "3.4333": 4.028173,
              "3.8000": 2.834831,
              "3.9500": 0.986705,
              "4.0000": -0.0
            }
          }
        },
        "jointBRLX": {
          "rotation": {
            "x": {
              "0.0000": -0.0,
              "0.8667": -8.733754,
              "1.2333": -10.812676,
              "1.5667": -11.459006,
              "1.7333": -11.308032,
              "1.9333": -10.714197,
              "2.3333": -8.285861,
              "3.5000": 2.333879,
              "3.5667": 2.369193,
              "3.6333": 2.289138,
              "3.9500": 0.503851,
              "4.0000": -0.0
            }
          }
        },
        "jointBRLY": {
          "rotation": {
            "y": {
              "0.0000": 0.0,
              "0.2333": 4.603965,
              "0.3333": 5.568508,
              "0.4333": 5.653486,
              "1.0000": -4.3362,
              "1.2000": -5.7076,
              "1.8000": 4.5474,
              "1.9667": 5.728611,
              "2.1333": 4.457074,
              "2.5333": -3.728151,
              "2.7333": -5.717924,
              "2.9333": -4.269129,
              "3.4333": -4.028173,
              "3.8000": -2.834831,
              "3.9500": -0.986705,
              "4.0000": 0.0
            }
          }
        },
        "jointBRL1": {
          "rotation": {
            "z": {
              "0.0000": 0.0,
              "0.8667": 8.733754,
              "1.2333": 10.812676,
              "1.5667": 11.459006,
              "1.7333": 11.308032,
              "1.9333": 10.714197,
              "2.3333": 8.285861,
              "3.5000": -2.333879,
              "3.5667": -2.369193,
              "3.6333": -2.289138,
              "3.9500": -0.503851,
              "4.0000": 0.0
            }
          }
        },
        "jointFLLX": {
          "rotation": {
            "x": {
              "0.0000": 0.0,
              "0.2333": 8.564412,
              "0.3667": 10.308099,
              "0.4333": 9.993724,
              "0.9667": -8.194779,
              "1.0667": -10.035521,
              "1.1333": -10.301299,
              "1.7000": 7.7943,
              "1.9000": 10.2315,
              "2.4667": -8.298711,
              "2.6333": -10.290337,
              "3.2000": 1.03153,
              "3.7333": -4.453344,
              "3.8333": -3.891038,
              "3.9500": -1.835493,
              "4.0000": 0.0
            }
          }
        },
        "jointFLLY": {
          "rotation": {
            "y": {
              "0.0000": -0.0,
              "1.1000": -14.1312,
              "1.5333": -17.259581,
              "1.7667": -18.107717,
              "1.9667": -18.334522,
              "2.1667": -18.092923,
              "2.3667": -17.389086,
              "2.8000": -14.3802,
              "3.4000": -4.058368,
              "3.7333": 0.622141,
              "3.8333": 0.989848,
              "3.9500": 0.642327,
              "4.0000": -0.0
            }
          }
        },
        "jointFLL1": {
          "rotation": {
            "z": {
              "0.0000": -0.0,
              "0.2333": -8.564412,
              "0.3667": -10.308099,
              "0.4333": -9.993724,
              "0.9667": 8.194779,
              "1.0667": 10.035521,
              "1.1333": 10.301299,
              "1.7000": -7.7943,
              "1.9000": -10.2315,
              "2.4667": 8.298711,
              "2.6333": 10.290337,
              "3.2000": -1.03153,
              "3.7333": 4.453344,
              "3.8333": 3.891038,
              "3.9500": 1.835493,
              "4.0000": -0.0
            }
          }
        },
        "jointFRLX": {
          "rotation": {
            "x": {
              "0.0000": -0.0,
              "1.1000": -14.1312,
              "1.5333": -17.259581,
              "1.7667": -18.107717,
              "1.9667": -18.334522,
              "2.1667": -18.092923,
              "2.3667": -17.389086,
              "2.8000": -14.3802,
              "3.4000": -4.058368,
              "3.7333": 0.622141,
              "3.8333": 0.989848,
              "3.9500": 0.642327,
              "4.0000": -0.0
            }
          }
        },
        "jointFRLY": {
          "rotation": {
            "y": {
              "0.0000": 0.0,
              "0.2333": 8.564412,
              "0.3667": 10.308099,
              "0.4333": 9.993724,
              "0.9667": -8.194779,
              "1.0667": -10.035521,
              "1.1333": -10.301299,
              "1.7000": 7.7943,
              "1.9000": 10.2315,
              "2.4667": -8.298711,
              "2.6333": -10.290337,
              "3.2000": 1.03153,
              "3.7333": -4.453344,
              "3.8333": -3.891038,
              "3.9500": -1.835493,
              "4.0000": 0.0
            }
          }
        },
        "jointFRL1": {
          "rotation": {
            "z": {
              "0.0000": 0.0,
              "1.1000": 14.1312,
              "1.5333": 17.259581,
              "1.7667": 18.107717,
              "1.9667": 18.334522,
              "2.1667": 18.092923,
              "2.3667": 17.389086,
              "2.8000": 14.3802,
              "3.4000": 4.058368,
              "3.7333": -0.622141,
              "3.8333": -0.989848,
              "3.9500": -0.642327,
              "4.0000": 0.0
            }
          }
        },
        "jointLAX": {
          "rotation": {
            "z": {
              "0.0000": -0.0,
              "0.2333": -9.20803,
              "0.3333": -11.137117,
              "0.4000": -11.4543,
              "1.0000": 8.6723,
              "1.2000": 11.4152,
              "1.8000": -9.0948,
              "1.9667": -11.457222,
              "2.1333": -8.914148,
              "2.5333": 7.456202,
              "2.7333": 11.435848,
              "2.9333": 8.538161,
              "3.4333": 8.056297,
              "3.8000": 5.669698,
              "3.9500": 1.973431,
              "4.0000": -0.0
            }
          }
        },
        "jointLA1": {
          "rotation": {
            "z": {
              "0.0000": -0.0,
              "0.8667": -13.100581,
              "1.2333": -16.219014,