{
  "format_version": "1.8.0",
  "animations": {
    "animation.rof.rof.idle": {
      "loop": "loop",
      "animation_length": 4.0,
      "bones": {
        "jointN": {
          "rotation": {
            "x": {
              "0.0000": 0.0,
              "0.1333": 1.328639,
              "0.4000": -1.3247,
              "0.6667": 1.315045,
              "0.9333": -1.301401,
              "1.1667": 1.316598,
              "1.4333": -1.32504,
              "1.7000": 1.3296,
              "1.9667": -1.328239,
              "2.2333": 1.323041,
              "2.5000": -1.3139,
              "2.7667": 1.299002,
              "3.0000": -1.3189,
              "3.2667": 1.156935,
              "3.5000": 0.915829,
              "3.7333": -0.421528,
              "3.9500": -0.498364,
              "4.0000": 0.0
            },
            "z": {
              "0.0000": -0.0,
              "0.1333": -1.099053,
              "0.4000": 1.0959,
              "0.6667": -1.087858,
              "0.9333": 1.076622,
              "1.1667": -1.089119,
              "1.4333": 1.096154,
              "1.7000": -1.0999,
              "1.9667": 1.098753,
              "2.2333": -1.094455,
              "2.5000": 1.0869,
              "2.7667": -1.074623,
              "3.0000": 1.091,
              "3.2667": -0.95705,
              "3.5000": -0.757608,
              "3.7333": 0.348674,
              "3.9500": 0.412248,
              "4.0000": -0.0
            }
          }
        },
        "jointN_1": {
          "rotation": {
            "x": {
              "0.0000": 0.0,
              "0.1667": 1.149197,
              "0.4667": -1.157191,
              "0.7667": 1.154437,
              "1.0000": -0.7698,
              "1.1000": -1.1409,
              "1.4000": 1.1546,
              "1.7000": -1.1577,
              "2.0000": 1.1501,
              "2.3333": -1.148237,
              "2.6333": 1.156994,
              "2.9667": -1.391305,
              "3.2000": -2.49403,
              "3.4000": -2.736937,
              "3.6000": -2.374817,
              "3.7667": -1.640361,
              "4.0000": 0.0
            },
            "z": {
              "0.0000": -0.0,
              "0.1333": -1.192587,
              "0.3333": 1.258849,
              "0.5667": -1.230227,
              "0.7667": 1.25613,
              "1.0000": -1.2534,
              "1.2000": 1.2386,
              "1.4333": -1.260002,
              "1.6667": 1.240306,
              "1.8667": -1.251173,
              "2.1000": 1.2578,
              "2.3333": -1.221335,
              "2.5333": 1.25845,
              "2.7667": -1.247978,
              "2.9667": 1.244517,
              "3.2333": -1.335372,
              "3.4000": -1.07159,
              "3.8000": 0.69544,
              "3.9500": 0.447332,
              "4.0000": -0.0
            }
          }
        },
        "jointN_2": {
          "rotation": {
            "x": {
              "0.0000": 0.0,
              "0.1333": 1.32885,
              "0.4000": -1.3247,
              "0.6667": 1.315004,
              "0.9333": -1.301365,
              "1.1667": 1.316681,
              "1.4333": -1.325224,
              "1.7000": 1.3296,
              "1.9667": -1.328445,
              "2.2333": 1.32302,
              "2.5000": -1.3139,
              "2.7667": 1.299019,
              "3.0000": -1.480952,
              "3.2333": -2.972632,
              "3.2667": -3.079531,
              "3.5000": -3.15346,
              "3.7333": -2.176694,
              "4.0000": 0.0
            },
            "z": {
              "0.0000": -0.0,
              "0.1667": -1.149187,
              "0.4667": 1.1572,
              "0.7667": -1.154554,
              "1.1000": 1.1409,
              "1.4000": -1.1546,
              "1.7000": 1.1577,
              "2.0000": -1.1501,
              "2.3333": 1.148376,
              "2.6333": -1.156948,
              "3.0000": 1.604969,
              "3.2667": 2.644819,
              "3.5000": 2.628935,
              "3.5333": 2.560285,
              "3.7667": 1.640361,
              "4.0000": -0.0
            }
          }
        },
        "taclejointA": {
          "rotation": {
            "y": {
              "0.0000": -0.0,
              "0.1333": -1.328639,
              "0.4000": 1.3247,
              "0.6667": -1.315045,
              "0.9333": 1.301401,
              "1.1667": -1.316598,
              "1.4333": 1.32504,
              "1.7000": -1.3296,
              "1.9667": 1.328239,
              "2.2333": -1.323041,
              "2.5000": 1.3139,
              "2.7667": -1.299002,
              "3.0000": 1.3189,
              "3.2667": -1.156935,
              "3.5000": -0.915829,
              "3.7333": 0.421528,
              "3.9500": 0.498364,
              "4.0000": -0.0
            }
          }
        },
        "taclejointA_2": {
          "rotation": {
            "y": {
              "0.0000": -0.0,
              "0.1333": -1.328639,
              "0.4000": 1.3247,
              "0.6667": -1.315045,
              "0.9333": 1.301401,
              "1.1667": -1.316598,
              "1.4333": 1.32504,
              "1.7000": -1.3296,
              "1.9667": 1.328239,
              "2.2333": -1.323041,
              "2.5000": 1.3139,
              "2.7667": -1.299002,
              "3.0000": 1.3189,
              "3.2667": -1.156935,
              "3.5000": -0.915829,
              "3.7333": 0.421528,
              "3.9500": 0.498364,
              "4.0000": -0.0
            }
          }
        },
        "taclejointB": {
          "rotation": {
            "y": {
              "0.0000": -0.0,
              "0.1333": -1.099053,
              "0.4000": 1.0959,
              "0.6667": -1.087858,
              "0.9333": 1.076622,
              "1.1667": -1.089119,
              "1.4333": 1.096154,
              "1.7000": -1.0999,
              "1.9667": 1.098753,
              "2.2333": -1.094455,
              "2.5000": 1.0869,
              "2.7667": -1.074623,
              "3.0000": 1.091,
              "3.2667": -0.95705,
              "3.5000": -0.757608,
              "3.7333": 0.348674,
              "3.9500": 0.412248,
              "4.0000": -0.0
            }
          }
        },
        "taclejointB_2": {
          "rotation": {
            "y": {
              "0.0000": -0.0,
              "0.1333": -1.099053,
              "0.4000": 1.0959,
              "0.6667": -1.087858,
              "0.9333": 1.076622,
              "1.1667": -1.089119,
              "1.4333": 1.096154,
              "1.7000": -1.0999,
              "1.9667": 1.098753,
              "2.2333": -1.094455,
              "2.5000": 1.0869,
              "2.7667": -1.074623,
              "3.0000": 1.091,
              "3.2667": -0.95705,
              "3.5000": -0.757608,
              "3.7333": 0.348674,
              "3.9500": 0.412248,
              "4.0000": -0.0
            }
          }
        },
        "taclejointC": {
          "rotation": {
            "y": {
              "0.0000": -0.0,
              "0.1667": -1.149016,
              "0.4667": 1.157089,
              "0.7667": -1.154515,
              "1.1000": 1.1409,
              "1.4000": -1.1546,
              "1.7000": 1.1577,
              "2.0000": -1.1501,
              "2.3333": 1.148316,
              "2.6333": -1.156889,
              "2.9333": 1.154915,
              "3.2667": -1.018053,
              "3.5667": -0.495653,
              "3.8667": 0.460538,
              "3.9500": 0.344636,
              "4.0000": -0.0
            }
          }
        },
        "taclejointC_2": {
          "rotation": {
            "y": {
              "0.0000": -0.0,
              "0.1667": -1.149016,
              "0.4667": 1.157089,
              "0.7667": -1.154515,
              "1.1000": 1.1409,
              "1.4000": -1.1546,
              "1.7000": 1.1577,
              "2.0000": -1.1501,
              "2.3333": 1.148316,
              "2.6333": -1.156889,