{
  "format_version": "1.8.0",
  "animations": {
    "animation.nak.nak.idle": {
      "loop": "loop",
      "animation_length": 4.0,
      "bones": {
        "jointLA": {
          "rotation": {
            "x": {
              "0.0000": 9.4136,
              "0.2667": 6.241506,
              "0.7667": -7.140034,
              "1.0000": -9.4093,
              "1.2333": -6.754102,
              "1.7667": 7.323368,
              "1.9000": 9.1059,
              "1.9667": 9.403891,
              "2.0333": 9.282965,
              "2.2667": 5.801794,
              "2.7333": -6.857463,
              "2.9667": -8.928781,
              "3.2333": -5.181953,
              "3.7667": 8.723403,
              "3.9500": 10.008293,
              "4.0000": 9.4136
            },
            "y": {
              "0.0000": -2.8241,
              "0.2667": -1.872452,
              "0.7667": 2.14203,
              "1.0000": 2.8228,
              "1.2333": 2.02625,
              "1.7667": -2.19697,
              "1.9000": -2.7318,
              "1.9667": -2.821137,
              "2.0333": -2.784869,
              "2.2667": -1.740578,
              "2.7333": 2.057239,
              "2.9667": 2.678652,
              "3.2333": 1.5546,
              "3.7667": -2.617045,
              "3.9500": -3.002512,
              "4.0000": -2.8241
            }
          }
        },
        "jointLA_1": {
          "rotation": {
            "z": {
              "0.0000": -9.4136,
              "0.2667": -6.241506,
              "0.7667": 7.140034,
              "1.0000": 9.4093,
              "1.2333": 6.754102,
              "1.7667": -7.323368,
              "1.9000": -9.1059,
              "1.9667": -9.403891,
              "2.0333": -9.282965,
              "2.2667": -5.801794,
              "2.7333": 6.857463,
              "2.9667": 8.928781,
              "3.2333": 5.181953,
              "3.7667": -8.723403,
              "3.9500": -10.008293,
              "4.0000": -9.4136
            }
          }
        },
        "jointLA_3": {
          "rotation": {
            "z": {
              "0.0000": -9.4136,
              "0.2667": -6.241506,
              "0.7667": 7.140034,
              "1.0000": 9.4093,
              "1.2333": 6.754102,
              "1.7667": -7.323368,
              "1.9000": -9.1059,
              "1.9667": -9.403891,
              "2.0333": -9.282965,
              "2.2667": -5.801794,
              "2.7333": 6.857463,
              "2.9667": 8.928781,
              "3.2333": 5.181953,
              "3.7667": -8.723403,
              "3.9500": -10.008293,
              "4.0000": -9.4136
            }
          }
        },
        "jointLA_5": {
          "rotation": {
            "z": {
              "0.0000": -9.4136,
              "0.2667": -6.241506,
              "0.7667": 7.140034,
              "1.0000": 9.4093,
              "1.2333": 6.754102,
              "1.7667": -7.323368,
              "1.9000": -9.1059,
              "1.9667": -9.403891,
              "2.0333": -9.282965,
              "2.2667": -5.801794,
              "2.7333": 6.857463,
              "2.9667": 8.928781,
              "3.2333": 5.181953,
              "3.7667": -8.723403,
              "3.9500": -10.008293,
              "4.0000": -9.4136
            }
          }
        },
        "jointLA_7": {
          "rotation": {
            "z": {
              "0.0000": -9.4136,
              "0.2667": -6.241506,
              "0.7667": 7.140034,
              "1.0000": 9.4093,
              "1.2333": 6.754102,
              "1.7667": -7.323368,
              "1.9000": -9.1059,
              "1.9667": -9.403891,
              "2.0333": -9.282965,
              "2.2667": -5.801794,
              "2.7333": 6.857463,
              "2.9667": 8.928781,
              "3.2333": 5.181953,
              "3.7667": -8.723403,
              "3.9500": -10.008293,
              "4.0000": -9.4136
            }
          }
        },
        "jointA": {
          "rotation": {
            "x": {
              "0.0000": -9.9866,
              "0.1667": -7.929263,
              "0.6000": 7.0319,
              "0.8000": 9.9864,
              "1.0000": 7.1108,
              "1.5667": -9.884991,
              "1.7667": -7.996568,
              "2.2000": 6.9521,
              "2.4000": 9.9852,
              "2.6000": 7.1888,
              "3.1333": -8.119249,
              "3.3000": -10.713822,
              "3.6333": -12.496232,
              "3.9500": -10.603678,
              "4.0000": -9.9866
            },
            "y": {
              "0.0000": -2.3299,
              "0.1667": -1.849928,
              "0.6000": 1.6405,
              "0.8000": 2.3298,
              "1.0000": 1.6589,
              "1.5667": -2.306195,
              "1.7667": -1.865606,
              "2.2000": 1.6219,
              "2.4000": 2.3295,
              "2.6000": 1.6771,
              "3.1333": -1.894198,
              "3.3000": -2.499514,
              "3.6333": -2.915373,
              "4.0000": -2.3299
            }
          }
        },
        "jointA_1": {
          "rotation": {
            "z": {
              "0.0000": 9.9866,
              "0.1667": 7.929263,
              "0.6000": -7.0319,
              "0.8000": -9.9864,
              "1.0000": -7.1108,
              "1.5667": 9.884991,
              "1.7667": 7.996568,
              "2.2000": -6.9521,
              "2.4000": -9.9852,
              "2.6000": -7.1888,
              "3.1333": 8.119249,
              "3.3000": 10.713822,
              "3.6333": 12.496232,
              "3.9500": 10.603678,
              "4.0000": 9.9866
            }
          }
        },
        "jointA_3": {
          "rotation": {
            "z": {
              "0.0000": 9.9866,
              "0.1667": 7.929263,
              "0.6000": -7.0319,
              "0.8000": -9.9864,
              "1.0000": -7.1108,
              "1.5667": 9.884991,
              "1.7667": 7.996568,
              "2.2000": -6.9521,
              "2.4000": -9.9852,
              "2.6000": -7.1888,
              "3.1333": 8.119249,
              "3.3000": 10.713822,
              "3.6333": 12.496232,
              "3.9500": 10.603678,
              "4.0000": 9.9866
            }
          }
        },
        "jointA_5": {
          "rotation": {
            "z": {
              "0.0000": 9.9866,
              "0.1667": 7.929263,
              "0.6000": -7.0319,
              "0.8000": -9.9864,
              "1.0000": -7.1108,
              "1.5667": 9.884991,
              "1.7667": 7.996568,
              "2.2000": -6.9521,
              "2.4000": -9.9852,
              "2.6000": -7.1888,
              "3.1333": 8.119249,
              "3.3000": 10.713822,
              "3.6333": 12.496232,
              "3.9500": 10.603678,
              "4.0000": 9.9866
            }
          }
        },
        "jointA_7": {
          "rotation": {
            "z": {
              "0.0000": 9.9866,
              "0.1667": 7.929263,
              "0.6000": -7.0319,
              "0.8000": -9.9864,
              "1.0000": -7.1108,
              "1.5667": 9.884991,
              "1.7667": 7.996568,
              "2.2000": -6.9521,
              "2.4000": -9.9852,
              "2.6000": -7.1888,
              "3.1333": 8.119249,
              "3.3000": 10.713822,
              "3.6333": 12.496232,
              "3.9500": 10.603678,
              "4.0000": 9.9866
            }
          }
        },
        "jointL": {
          "rotation": {
            "x": {
              "0.0000": 8.4339,
              "0.2000": 6.5239,
              "0.6667": -5.543051,
              "0.9000": -8.4222,
              "1.1333": -6.182063,
              "1.7667": 8.230046,
              "1.8333": 8.433436,
              "1.9000": 8.197,
              "2.0333": 6.476314,
              "2.5000": -5.5993,
              "2.7333": -8.425071,
              "2.9667": -5.904319,
              "3.6333": 6.944065,