{
  "format_version": "1.8.0",
  "animations": {
    "animation.venkrol.venkrol.idle": {
      "loop": "loop",
      "animation_length": 4.0,
      "bones": {
        "jointFL3": {
          "rotation": {
            "y": {
              "0.0000": -0.0,
              "0.5000": -2.1696,
              "0.7000": -2.5408,
              "0.9000": -2.5109,
              "1.2333": -1.610935,
              "2.0000": 1.9513,
              "2.2000": 2.4535,
              "2.3667": 2.577638,
              "2.5667": 2.353138,
              "2.7667": 1.757144,
              "3.4667": 0.578826,
              "3.6000": 0.643334,
              "3.9500": 0.21696,
              "4.0000": -0.0
            }
          }
        },
        "jointFR3": {
          "rotation": {
            "y": {
              "0.0000": -0.0,
              "0.5000": -2.1696,
              "0.7000": -2.5408,
              "0.9000": -2.5109,
              "1.2333": -1.610935,
              "2.0000": 1.9513,
              "2.2000": 2.4535,
              "2.3667": 2.577638,
              "2.5667": 2.353138,
              "2.7667": 1.757144,
              "3.4667": 0.578826,
              "3.6000": 0.643334,
              "3.9500": 0.21696,
              "4.0000": -0.0
            }
          }
        },
        "jointBL3": {
          "rotation": {
            "y": {
              "0.0000": -0.0,
              "0.5000": -2.1696,
              "0.7000": -2.5408,
              "0.9000": -2.5109,
              "1.2333": -1.610935,
              "2.0000": 1.9513,
              "2.2000": 2.4535,
              "2.3667": 2.577638,
              "2.5667": 2.353138,
              "2.7667": 1.757144,
              "3.4667": 0.578826,
              "3.6000": 0.643334,
              "3.9500": 0.21696,
              "4.0000": -0.0
            }
          }
        },
        "jointBR3": {
          "rotation": {
            "y": {
              "0.0000": -0.0,
              "0.5000": -2.1696,
              "0.7000": -2.5408,
              "0.9000": -2.5109,
              "1.2333": -1.610935,
              "2.0000": 1.9513,
              "2.2000": 2.4535,
              "2.3667": 2.577638,
              "2.5667": 2.353138,
              "2.7667": 1.757144,
              "3.4667": 0.578826,
              "3.6000": 0.643334,
              "3.9500": 0.21696,
              "4.0000": -0.0
            }
          }
        },
        "body1": {
          "rotation": {
            "x": {
              "0.0000": 0.0,
              "0.9667": 0.1852,
              "2.2000": -0.1472,
              "2.5667": -0.1891,
              "3.9667": -0.05673,
              "4.0000": 0.0
            },
            "z": {
              "0.0000": 0.0,
              "0.9667": 0.3251,
              "1.4667": 0.3782,
              "2.2000": 0.2678,
              "2.5667": 0.1453,
              "3.9667": 0.04359,
              "4.0000": 0.0
            }
          }
        },
        "body2": {
          "rotation": {
            "x": {
              "0.0000": 0.0,
              "0.9667": 0.1852,
              "2.2000": -0.1472,
              "2.5667": -0.1891,
              "3.9667": -0.05673,
              "4.0000": 0.0
            },
            "z": {
              "0.0000": 0.0,
              "0.9667": 0.3251,
              "1.4667": 0.3782,
              "2.2000": 0.2678,
              "2.5667": 0.1453,
              "3.9667": 0.04359,
              "4.0000": 0.0
            }
          }
        },
        "body3": {
          "rotation": {
            "x": {
              "0.0000": 0.0,
              "0.9667": 0.1852,
              "2.2000": -0.1472,
              "2.5667": -0.1891,
              "3.9667": -0.05673,
              "4.0000": 0.0
            },
            "z": {
              "0.0000": 0.0,
              "0.9667": 0.3251,
              "1.4667": 0.3782,
              "2.2000": 0.2678,
              "2.5667": 0.1453,
              "3.9667": 0.04359,
              "4.0000": 0.0
            }
          }
        },
        "body4": {
          "rotation": {
            "x": {
              "0.0000": 0.0,
              "0.9667": 0.1852,
              "2.2000": -0.1472,
              "2.5667": -0.1891,
              "3.9667": -0.05673,
              "4.0000": 0.0
            },
            "z": {
              "0.0000": 0.0,
              "0.9667": 0.3251,
              "1.4667": 0.3782,
              "2.2000": 0.2678,
              "2.5667": 0.1453,
              "3.9667": 0.04359,
              "4.0000": 0.0
            }
          }
        },
        "body5": {
          "rotation": {
            "x": {
              "0.0000": 0.0,
              "0.9667": 0.1852,
              "2.2000": -0.1472,
              "2.5667": -0.1891,
              "3.9667": -0.05673,
              "4.0000": 0.0
            },
            "z": {
              "0.0000": 0.0,
              "0.9667": 0.3251,
              "1.4667": 0.3782,
              "2.2000": 0.2678,
              "2.5667": 0.1453,
              "3.9667": 0.04359,
              "4.0000": 0.0
            }
          }
        }
      }
    },
    "animation.venkrol.venkrol.evolved": {
      "loop": "loop",
      "animation_length": 4.0,
      "bones": {
        "jointFL3": {
          "rotation": {
            "y": {
              "0.0000": -0.0,
              "0.5000": -3.616,
              "0.7000": -4.2347,
              "0.8000": -4.2954,
              "0.9000": -4.1848,
              "1.2333": -2.684992,
              "2.0000": 3.2521,
              "2.2000": 4.0892,
              "2.3667": 4.296097,
              "2.5667": 3.921997,
              "2.7667": 2.928607,
              "3.4667": 0.964734,
              "3.6000": 1.072239,
              "3.9500": 0.3616,
              "4.0000": -0.0
            }
          }
        },
        "jointFR3": {
          "rotation": {
            "y": {
              "0.0000": -0.0,
              "0.5000": -3.616,
              "0.7000": -4.2347,
              "0.8000": -4.2954,
              "0.9000": -4.1848,
              "1.2333": -2.684992,
              "2.0000": 3.2521,
              "2.2000": 4.0892,
              "2.3667": 4.296097,
              "2.5667": 3.921997,
              "2.7667": 2.928607,
              "3.4667": 0.964734,
              "3.6000": 1.072239,
              "3.9500": 0.3616,
              "4.0000": -0.0
            }
          }
        },
        "jointBL3": {
          "rotation": {
            "y": {
              "0.0000": -0.0,
              "0.5000": -3.616,
              "0.7000": -4.2347,
              "0.8000": -4.2954,
              "0.9000": -4.1848,
              "1.2333": -2.684992,
              "2.0000": 3.2521,
              "2.2000": 4.0892,
              "2.3667": 4.296097,
              "2.5667": 3.921997,
              "2.7667": 2.928607,
              "3.4667": 0.964734,
              "3.6000": 1.072239,
              "3.9500": 0.3616,
              "4.0000": -0.0
            }
          }
        },
        "jointBR3": {
          "rotation": {
            "y": {
              "0.0000": -0.0,
              "0.5000": -3.616,
              "0.7000": -4.2347,
              "0.8000": -4.2954,
              "0.9000": -4.1848,
              "1.2333": -2.684992,
              "2.0000": 3.2521,
              "2.2000": 4.0892,
              "2.3667": 4.296097,
              "2.5667": 3.921997,
              "2.7667": 2.928607,
              "3.4667": 0.964734,
              "3.6000": 1.072239,
              "3.9500": 0.3616,
              "4.0000": -0.0
            }
          }
        }
      }
    }
  }
}