{
  "format_version": "1.8.0",
  "animations": {
    "animation.venkrolsii.venkrolsii.idle": {
      "loop": "loop",
      "animation_length": 4.0,
      "bones": {
        "jointFL3": {
          "rotation": {
            "y": {
              "0.0000": -0.0,
              "0.5000": -1.4464,
              "0.7000": -1.6939,
              "0.9000": -1.6739,
              "1.2333": -1.073957,
              "2.0000": 1.3008,
              "2.3667": 1.718417,
              "3.4667": 0.385908,
              "3.6000": 0.428905,
              "4.0000": -0.0
            }
          }
        },
        "jointFR3": {
          "rotation": {
            "y": {
              "0.0000": -0.0,
              "0.5000": -1.4464,
              "0.7000": -1.6939,
              "0.9000": -1.6739,
              "1.2333": -1.073957,
              "2.0000": 1.3008,
              "2.3667": 1.718417,
              "3.4667": 0.385908,
              "3.6000": 0.428905,
              "4.0000": -0.0
            }
          }
        },
        "jointBL3": {
          "rotation": {
            "y": {
              "0.0000": -0.0,
              "0.5000": -1.4464,
              "0.7000": -1.6939,
              "0.9000": -1.6739,
              "1.2333": -1.073957,
              "2.0000": 1.3008,
              "2.3667": 1.718417,
              "3.4667": 0.385908,
              "3.6000": 0.428905,
              "4.0000": -0.0
            }
          }
        },
        "jointBR3": {
          "rotation": {
            "y": {
              "0.0000": -0.0,
              "0.5000": -1.4464,
              "0.7000": -1.6939,
              "0.9000": -1.6739,
              "1.2333": -1.073957,
              "2.0000": 1.3008,
              "2.3667": 1.718417,
              "3.4667": 0.385908,
              "3.6000": 0.428905,
              "4.0000": -0.0
            }
          }
        },
        "body1": {
          "rotation": {
            "x": {
              "0.0000": 0.0,
              "1.5333": 0.1891,
              "3.9667": 0.05673,
              "4.0000": 0.0
            },
            "z": {
              "0.0000": 0.0,
              "1.5333": 0.1523,
              "3.9667": 0.04569,
              "4.0000": 0.0
            }
          }
        },
        "body2": {
          "rotation": {
            "x": {
              "0.0000": 0.0,
              "1.5333": 0.1891,
              "3.9667": 0.05673,
              "4.0000": 0.0
            },
            "z": {
              "0.0000": 0.0,
              "1.5333": 0.1523,
              "3.9667": 0.04569,
              "4.0000": 0.0
            }
          }
        },
        "body3": {
          "rotation": {
            "x": {
              "0.0000": 0.0,
              "1.5333": 0.1891,
              "3.9667": 0.05673,
              "4.0000": 0.0
            },
            "z": {
              "0.0000": 0.0,
              "1.5333": 0.1523,
              "3.9667": 0.04569,
              "4.0000": 0.0
            }
          }
        },
        "body4": {
          "rotation": {
            "x": {
              "0.0000": 0.0,
              "1.5333": 0.1891,
              "3.9667": 0.05673,
              "4.0000": 0.0
            },
            "z": {
              "0.0000": 0.0,
              "1.5333": 0.1523,
              "3.9667": 0.04569,
              "4.0000": 0.0
            }
          }
        },
        "body5": {
          "rotation": {
            "x": {
              "0.0000": 0.0,
              "1.5333": 0.1891,
              "3.9667": 0.05673,
              "4.0000": 0.0
            },
            "z": {
              "0.0000": 0.0,
              "1.5333": 0.1523,
              "3.9667": 0.04569,
              "4.0000": 0.0
            }
          }
        },
        "jointF3": {
          "rotation": {
            "y": {
              "0.0000": -0.0,
              "0.5000": -1.4464,
              "0.7000": -1.6939,
              "0.9000": -1.6739,
              "1.2333": -1.073957,
              "2.0000": 1.3008,
              "2.3667": 1.718417,
              "3.4667": 0.385908,
              "3.6000": 0.428905,
              "4.0000": -0.0
            }
          }
        },
        "jointR3": {
          "rotation": {
            "y": {
              "0.0000": -0.0,
              "0.5000": -1.4464,
              "0.7000": -1.6939,
              "0.9000": -1.6739,
              "1.2333": -1.073957,
              "2.0000": 1.3008,
              "2.3667": 1.718417,
              "3.4667": 0.385908,
              "3.6000": 0.428905,
              "4.0000": -0.0
            }
          }
        },
        "jointL3": {
          "rotation": {
            "y": {
              "0.0000": -0.0,
              "0.5000": -1.4464,
              "0.7000": -1.6939,
              "0.9000": -1.6739,
              "1.2333": -1.073957,
              "2.0000": 1.3008,
              "2.3667": 1.718417,
              "3.4667": 0.385908,
              "3.6000": 0.428905,
              "4.0000": -0.0
            }
          }
        },
        "jointB3": {
          "rotation": {
            "y": {
              "0.0000": -0.0,
              "0.5000": -1.4464,
              "0.7000": -1.6939,
              "0.9000": -1.6739,
              "1.2333": -1.073957,
              "2.0000": 1.3008,
              "2.3667": 1.718417,
              "3.4667": 0.385908,
              "3.6000": 0.428905,
              "4.0000": -0.0
            }
          }
        }
      }
    },
    "animation.venkrolsii.venkrolsii.evolved": {
      "loop": "loop",
      "animation_length": 4.0,
      "bones": {
        "jointFL3": {
          "rotation": {
            "y": {
              "0.0000": -0.0,
              "0.5000": -1.4464,
              "0.7000": -1.6939,
              "0.9000": -1.6739,
              "1.2333": -1.073957,
              "2.0000": 1.3008,
              "2.3667": 1.718417,
              "3.4667": 0.385908,
              "3.6000": 0.428905,
              "4.0000": -0.0
            }
          }
        },
        "jointFR3": {
          "rotation": {
            "y": {
              "0.0000": -0.0,
              "0.5000": -1.4464,
              "0.7000": -1.6939,
              "0.9000": -1.6739,
              "1.2333": -1.073957,
              "2.0000": 1.3008,
              "2.3667": 1.718417,
              "3.4667": 0.385908,
              "3.6000": 0.428905,
              "4.0000": -0.0
            }
          }
        },
        "jointBL3": {
          "rotation": {
            "y": {
              "0.0000": -0.0,
              "0.5000": -1.4464,
              "0.7000": -1.6939,
              "0.9000": -1.6739,
              "1.2333": -1.073957,
              "2.0000": 1.3008,
              "2.3667": 1.718417,
              "3.4667": 0.385908,
              "3.6000": 0.428905,
              "4.0000": -0.0
            }
          }
        },
        "jointBR3": {
          "rotation": {
            "y": {
              "0.0000": -0.0,
              "0.5000": -1.4464,
              "0.7000": -1.6939,
              "0.9000": -1.6739,
              "1.2333": -1.073957,
              "2.0000": 1.3008,
              "2.3667": 1.718417,
              "3.4667": 0.385908,
              "3.6000": 0.428905,
              "4.0000": -0.0
            }
          }
        },
        "jointF3": {
          "rotation": {
            "y": {
              "0.0000": -0.0,
              "0.5000": -1.4464,
              "0.7000": -1.6939,
              "0.9000": -1.6739,
              "1.2333": -1.073957,
              "2.0000": 1.3008,
              "2.3667": 1.718417,
              "3.4667": 0.385908,
              "3.6000": 0.428905,
              "4.0000": -0.0
            }
          }
        },
        "jointR3": {
          "rotation": {
            "y": {
              "0.0000": -0.0,
              "0.5000": -1.4464,
              "0.7000": -1.6939,
              "0.9000": -1.6739,
              "1.2333": -1.073957,