{
  "format_version": "1.8.0",
  "animations": {
    "animation.ferpig.ferpig.walk": {
      "loop": "loop",
      "animation_length": 1.3334,
      "bones": {
        "jointFLL": {
          "rotation": {
            "x": {
              "0.0000": 14.0375,
              "0.5500": -14.023886,
              "0.6667": 14.0375,
              "0.6750": -11.679498,
              "0.7834": 14.377503,
              "1.2834": 16.588408,
              "1.3334": 14.0375
            }
          }
        },
        "jointFRL": {
          "rotation": {
            "x": {
              "0.0000": -14.0375,
              "0.5500": 14.023886,
              "0.6667": -14.0375,
              "0.6750": 11.679498,
              "0.7834": -14.377503,
              "1.2834": -16.588408,
              "1.3334": -14.0375
            }
          }
        },
        "jointBLL": {
          "rotation": {
            "x": {
              "0.0000": -14.0375,
              "0.5500": 14.023886,
              "0.6667": -14.0375,
              "0.6750": 11.679498,
              "0.7834": -14.377503,
              "1.2834": -16.588408,
              "1.3334": -14.0375
            }
          }
        },
        "jointBRL": {
          "rotation": {
            "x": {
              "0.0000": 14.0375,
              "0.5500": -14.023886,
              "0.6667": 14.0375,
              "0.6750": -11.679498,
              "0.7834": 14.377503,
              "1.2834": 16.588408,
              "1.3334": 14.0375
            }
          }
        },
        "mainbody": {
          "rotation": {
            "x": {
              "0.0000": -7.824,
              "0.3083": 8.297214,
              "0.4167": 11.285272,
              "0.6667": -7.824,
              "0.6750": 11.070743,
              "0.9167": -7.786578,
              "1.0334": -7.224617,
              "1.2751": -10.43812,
              "1.3334": -7.824
            }
          },
          "position": {
            "y": {
              "0.0000": -0.28,
              "0.0583": -0.180194,
              "0.2083": 0.20318,
              "0.2417": 0.256475,
              "0.2750": 0.27969,
              "0.3000": 0.270219,
              "0.3333": 0.219085,
              "0.4750": -0.180877,
              "0.5250": -0.266849,
              "0.5500": -0.287689,
              "0.5834": -0.290324,
              "0.6500": -0.269535,
              "0.6667": -0.28,
              "0.6834": -0.269535,
              "0.7667": -0.291764,
              "0.8084": -0.266849,
              "0.8667": -0.160735,
              "0.9917": 0.206975,
              "1.0251": 0.225673,
              "1.0501": 0.212976,
              "1.0834": 0.167893,
              "1.2751": -0.365544,
              "1.3334": -0.28
            }
          }
        }
      }
    },
    "animation.ferpig.ferpig.idle": {
      "loop": "loop",
      "animation_length": 4.0,
      "bones": {
        "jointH": {
          "rotation": {
            "x": {
              "0.0000": 11.1727,
              "0.2333": 8.199831,
              "0.7333": -7.824156,
              "0.8667": -10.423198,
              "0.9667": -11.159201,
              "1.1333": -9.883394,
              "1.2000": -8.5568,
              "1.9000": 10.9428,
              "1.9667": 11.17191,
              "2.0333": 10.894503,
              "2.1667": 8.893084,
              "2.7000": -7.9052,
              "2.9333": -10.968823,
              "3.1333": -9.201033,
              "3.6667": 7.685977,
              "3.8667": 11.448928,
              "3.9500": 11.809834,
              "4.0000": 11.1727
            },
            "z": {
              "0.0000": -10.5997,
              "0.2333": -8.416443,
              "0.3000": -7.0749,
              "0.8667": 8.004066,
              "0.9667": 9.612562,
              "1.1333": 10.594082,
              "1.2000": 10.3479,
              "1.4000": 7.5473,
              "1.9000": -6.0515,
              "2.1667": -10.351937,
              "2.2333": -10.594515,
              "2.5333": -7.30692,
              "2.9333": 3.573117,
              "3.1333": 4.599849,
              "3.2667": 2.740878,
              "3.8000": -9.922702,
              "3.8667": -10.65681,
              "3.9500": -11.067608,
              "4.0000": -10.5997
            }
          }
        },
        "jointRM1": {
          "rotation": {
            "x": {
              "0.0000": 11.1727,
              "0.2333": 8.199659,
              "0.7333": -7.82401,
              "0.9667": -11.1588,
              "1.2333": -7.742682,
              "1.7667": 9.028233,
              "1.9000": 10.9428,
              "1.9667": 11.171848,
              "2.0333": 10.894002,
              "2.7000": -7.9052,
              "2.9333": -10.968823,
              "3.2000": -7.625443,
              "3.7333": 9.37236,
              "3.8667": 11.448928,
              "3.9500": 11.809871,
              "4.0000": 11.1727
            }
          }
        },
        "joinRM2": {
          "rotation": {
            "y": {
              "0.0000": -10.5997,
              "0.3000": -7.0749,
              "0.8667": 8.003739,
              "1.1333": 10.593698,
              "1.4000": 7.5473,
              "2.0000": -8.2208,
              "2.2333": -10.594298,
              "2.5333": -7.306893,
              "3.1333": 3.705084,
              "3.2667": 1.759723,
              "3.8000": -10.364699,
              "3.9500": -11.187167,
              "4.0000": -10.5997
            }
          }
        },
        "jointRM3": {
          "rotation": {
            "z": {
              "0.0000": -11.1727,
              "0.2333": -8.199659,
              "0.7333": 7.82401,
              "0.9667": 11.1588,
              "1.2333": 7.742682,
              "1.7667": -9.028233,
              "1.9000": -10.9428,
              "1.9667": -11.171848,
              "2.0333": -10.894002,
              "2.7000": 7.9052,
              "2.9333": 10.968823,
              "3.2000": 7.625443,
              "3.7333": -9.37236,
              "3.8667": -11.448928,
              "3.9500": -11.809871,
              "4.0000": -11.1727
            }
          }
        },
        "jointRM4": {
          "rotation": {
            "x": {
              "0.0000": 10.5997,
              "0.3000": 7.0749,
              "0.8667": -8.003739,
              "1.1333": -10.593698,
              "1.4000": -7.5473,
              "2.0000": 8.2208,
              "2.2333": 10.594298,
              "2.5333": 7.306893,
              "3.1333": -3.705084,
              "3.2667": -1.759723,
              "3.8000": 10.364699,
              "3.9500": 11.187167,
              "4.0000": 10.5997
            }
          }
        },
        "jointRR1": {
          "rotation": {
            "y": {
              "0.0000": -11.1727,
              "0.2333": -8.199659,
              "0.7333": 7.82401,
              "0.9667": 11.1588,
              "1.2333": 7.742682,
              "1.7667": -9.028233,
              "1.9000": -10.9428,
              "1.9667": -11.171848,
              "2.0333": -10.894002,
              "2.7000": 7.9052,
              "2.9333": 10.968823,
              "3.2000": 7.625443,
              "3.7333": -9.37236,
              "3.8667": -11.448928,
              "3.9500": -11.809871,
              "4.0000": -11.1727
            }
          }
        },
        "joinRR2": {
          "rotation": {
            "z": {
              "0.0000": -10.5997,
              "0.3000": -7.0749,
              "0.8667": 8.003739,
              "1.1333": 10.593698,
              "1.4000": 7.5473,
              "2.0000": -8.2208,
              "2.2333": -10.594298,
              "2.5333": -7.306893,
              "3.1333": 3.705084,
              "3.2667": 1.759723,
              "3.8000": -10.364699,
              "3.9500": -11.187167,
              "4.0000": -10.5997
            }
          }
        },
        "jointRR3": {
          "rotation": {
            "x": {
              "0.0000": 11.1727,