{
  "format_version": "1.8.0",
  "animations": {
    "animation.ferwolf.ferwolf.walk": {
      "loop": "loop",
      "animation_length": 0.6667,
      "bones": {
        "jointFLL": {
          "rotation": {
            "x": {
              "0.0000": 9.8262,
              "0.1889": 6.842461,
              "0.6167": 10.615967,
              "0.6667": 9.8262
            }
          }
        },
        "jointFRL": {
          "rotation": {
            "x": {
              "0.0000": -9.8262,
              "0.1889": -6.842461,
              "0.6167": -10.615967,
              "0.6667": -9.8262
            }
          }
        },
        "jointBLL": {
          "rotation": {
            "x": {
              "0.0000": -9.8262,
              "0.1889": -6.842461,
              "0.6167": -10.615967,
              "0.6667": -9.8262
            }
          }
        },
        "jointBRL": {
          "rotation": {
            "x": {
              "0.0000": 9.8262,
              "0.1889": 6.842461,
              "0.6167": 10.615967,
              "0.6667": 9.8262
            }
          }
        },
        "mainbody": {
          "rotation": {
            "x": {
              "0.0000": -5.4768,
              "0.3556": 5.286693,
              "0.5445": -2.88974,
              "0.6167": -6.990227,
              "0.6667": -5.4768
            }
          },
          "position": {
            "y": {
              "0.0000": -0.28,
              "0.3722": 0.273646,
              "0.6167": -0.354375,
              "0.6667": -0.28
            }
          }
        }
      }
    },
    "animation.ferwolf.ferwolf.idle": {
      "loop": "loop",
      "animation_length": 4.0,
      "bones": {
        "jointH": {
          "rotation": {
            "x": {
              "0.0000": 11.1727,
              "0.2333": 8.199831,
              "0.7333": -7.824156,
              "0.8667": -10.423198,
              "0.9667": -11.159201,
              "1.1333": -9.883394,
              "1.2000": -8.5568,
              "1.9000": 10.9428,
              "1.9667": 11.17191,
              "2.0333": 10.894503,
              "2.1667": 8.893084,
              "2.7000": -7.9052,
              "2.9333": -10.968823,
              "3.1333": -9.201033,
              "3.6667": 7.685977,
              "3.8667": 11.448928,
              "3.9500": 11.809834,
              "4.0000": 11.1727
            },
            "z": {
              "0.0000": -10.5997,
              "0.2333": -8.416443,
              "0.3000": -7.0749,
              "0.8667": 8.004066,
              "0.9667": 9.612562,
              "1.1333": 10.594082,
              "1.2000": 10.3479,
              "1.4000": 7.5473,
              "1.9000": -6.0515,
              "2.1667": -10.351937,
              "2.2333": -10.594515,
              "2.5333": -7.30692,
              "2.9333": 3.573117,
              "3.1333": 4.599849,
              "3.2667": 2.740878,
              "3.8000": -9.922702,
              "3.8667": -10.65681,
              "3.9500": -11.067608,
              "4.0000": -10.5997
            }
          }
        },
        "jointRM1": {
          "rotation": {
            "x": {
              "0.0000": 11.1727,
              "0.2333": 8.199659,
              "0.7333": -7.82401,
              "0.9667": -11.1588,
              "1.2333": -7.742682,
              "1.7667": 9.028233,
              "1.9000": 10.9428,
              "1.9667": 11.171848,
              "2.0333": 10.894002,
              "2.7000": -7.9052,
              "2.9333": -10.968823,
              "3.2000": -7.625443,
              "3.7333": 9.37236,
              "3.8667": 11.448928,
              "3.9500": 11.809871,
              "4.0000": 11.1727
            }
          }
        },
        "joinRM2": {
          "rotation": {
            "y": {
              "0.0000": -10.5997,
              "0.3000": -7.0749,
              "0.8667": 8.003739,
              "1.1333": 10.593698,
              "1.4000": 7.5473,
              "2.0000": -8.2208,
              "2.2333": -10.594298,
              "2.5333": -7.306893,
              "3.1333": 3.705084,
              "3.2667": 1.759723,
              "3.8000": -10.364699,
              "3.9500": -11.187167,
              "4.0000": -10.5997
            }
          }
        },
        "jointRM3": {
          "rotation": {
            "z": {
              "0.0000": -11.1727,
              "0.2333": -8.199659,
              "0.7333": 7.82401,
              "0.9667": 11.1588,
              "1.2333": 7.742682,
              "1.7667": -9.028233,
              "1.9000": -10.9428,
              "1.9667": -11.171848,
              "2.0333": -10.894002,
              "2.7000": 7.9052,
              "2.9333": 10.968823,
              "3.2000": 7.625443,
              "3.7333": -9.37236,
              "3.8667": -11.448928,
              "3.9500": -11.809871,
              "4.0000": -11.1727
            }
          }
        },
        "jointRM4": {
          "rotation": {
            "x": {
              "0.0000": 10.5997,
              "0.3000": 7.0749,
              "0.8667": -8.003739,
              "1.1333": -10.593698,
              "1.4000": -7.5473,
              "2.0000": 8.2208,
              "2.2333": 10.594298,
              "2.5333": 7.306893,
              "3.1333": -3.705084,
              "3.2667": -1.759723,
              "3.8000": 10.364699,
              "3.9500": 11.187167,
              "4.0000": 10.5997
            }
          }
        },
        "jointRR1": {
          "rotation": {
            "y": {
              "0.0000": -11.1727,
              "0.2333": -8.199659,
              "0.7333": 7.82401,
              "0.9667": 11.1588,
              "1.2333": 7.742682,
              "1.7667": -9.028233,
              "1.9000": -10.9428,
              "1.9667": -11.171848,
              "2.0333": -10.894002,
              "2.7000": 7.9052,
              "2.9333": 10.968823,
              "3.2000": 7.625443,
              "3.7333": -9.37236,
              "3.8667": -11.448928,
              "3.9500": -11.809871,
              "4.0000": -11.1727
            }
          }
        },
        "joinRR2": {
          "rotation": {
            "z": {
              "0.0000": -10.5997,
              "0.3000": -7.0749,
              "0.8667": 8.003739,
              "1.1333": 10.593698,
              "1.4000": 7.5473,
              "2.0000": -8.2208,
              "2.2333": -10.594298,
              "2.5333": -7.306893,
              "3.1333": 3.705084,
              "3.2667": 1.759723,
              "3.8000": -10.364699,
              "3.9500": -11.187167,
              "4.0000": -10.5997
            }
          }
        },
        "jointRR3": {
          "rotation": {
            "x": {
              "0.0000": 11.1727,
              "0.2333": 8.199659,
              "0.7333": -7.82401,
              "0.9667": -11.1588,
              "1.2333": -7.742682,
              "1.7667": 9.028233,
              "1.9000": 10.9428,
              "1.9667": 11.171848,
              "2.0333": 10.894002,
              "2.7000": -7.9052,
              "2.9333": -10.968823,
              "3.2000": -7.625443,
              "3.7333": 9.37236,
              "3.8667": 11.448928,
              "3.9500": 11.809871,
              "4.0000": 11.1727
            }
          }
        },
        "jointRR4": {
          "rotation": {
            "y": {
              "0.0000": -10.5997,
              "0.3000": -7.0749,
              "0.8667": 8.003739,
              "1.1333": 10.593698,
              "1.4000": 7.5473,
              "2.0000": -8.2208,
              "2.2333": -10.594298,
              "2.5333": -7.306893,
              "3.1333": 3.705084,
              "3.2667": 1.759723,
              "3.8000": -10.364699,
              "3.9500": -11.187167,
              "4.0000": -10.5997
            }
          }
        },
        "jointRL1": {
          "rotation": {
            "z": {
              "0.0000": -11.1727,