{
  "format_version": "1.8.0",
  "animations": {
    "animation.fervillager.fervillager.walk": {
      "loop": "loop",
      "animation_length": 0.6667,
      "bones": {
        "jointLL": {
          "rotation": {
            "x": {
              "0.0000": 7.8029,
              "0.3611": -2.887682,
              "0.6167": 9.28318,
              "0.6667": 7.8029
            }
          }
        },
        "jointRL": {
          "rotation": {
            "x": {
              "0.0000": 0.2185,
              "0.3611": 10.909082,
              "0.6167": -1.26178,
              "0.6667": 0.2185
            }
          }
        },
        "jointLA": {
          "rotation": {
            "x": {
              "0.0000": -7.0187,
              "0.3333": 2.788209,
              "0.5278": 4.503967,
              "0.6167": -8.489883,
              "0.6667": -7.0187
            },
            "y": {
              "0.0000": 10.3545,
              "0.3333": 23.209704,
              "0.5278": 23.645692,
              "0.6167": 8.426027,
              "0.6667": 10.3545
            },
            "z": {
              "0.0000": -11.8136,
              "0.3333": -7.397643,
              "0.5278": -6.072423,
              "0.6167": -12.47606,
              "0.6667": -11.8136
            }
          }
        },
        "jointRA": {
          "rotation": {
            "x": {
              "0.0000": 7.0187,
              "0.3333": -2.788209,
              "0.5278": -4.900032,
              "0.6167": 8.489883,
              "0.6667": 7.0187
            },
            "y": {
              "0.0000": -21.7312,
              "0.3333": -8.875896,
              "0.5278": -7.9823,
              "0.6167": -23.659688,
              "0.6667": -21.7312
            },
            "z": {
              "0.0000": -13.7098,
              "0.3333": -0.854496,
              "0.5278": 0.0391,
              "0.6167": -15.638288,
              "0.6667": -13.7098
            }
          }
        },
        "mainbody": {
          "rotation": {
            "z": {
              "0.0000": -0.7019,
              "0.3945": 0.685459,
              "0.6167": -0.877738,
              "0.6667": -0.7019
            }
          },
          "position": {
            "y": {
              "0.0000": -0.28,
              "0.2667": 0.279896,
              "0.5111": -0.280966,
              "0.6167": -0.384967,
              "0.6667": -0.28
            }
          }
        },
        "jointLA1": {
          "rotation": {
            "y": {
              "0.0000": -11.0294,
              "0.2667": -10.074405,
              "0.6167": -11.208439,
              "0.6667": -11.0294
            }
          }
        },
        "jointRA1": {
          "rotation": {
            "y": {
              "0.0000": -3.008,
              "0.2667": -2.052905,
              "0.6167": -3.187058,
              "0.6667": -3.008
            }
          }
        },
        "jointLAC1": {
          "rotation": {
            "z": {
              "0.0000": 7.0187,
              "0.2667": -7.016397,
              "0.4945": 6.580134,
              "0.5389": 7.738027,
              "0.6056": 9.649952,
              "0.6667": 7.0187
            }
          }
        },
        "jointLAC2": {
          "rotation": {
            "z": {
              "0.0000": 7.0187,
              "0.2667": -7.016397,
              "0.4945": 6.580134,
              "0.5389": 7.738027,
              "0.6056": 9.649952,
              "0.6667": 7.0187
            }
          }
        },
        "jointRAC1": {
          "rotation": {
            "z": {
              "0.0000": -7.0187,
              "0.3167": 7.017026,
              "0.6167": -9.234634,
              "0.6667": -7.0187
            }
          }
        },
        "jointRAC2": {
          "rotation": {
            "z": {
              "0.0000": -7.0187,
              "0.3167": 7.017026,
              "0.6167": -9.234634,
              "0.6667": -7.0187
            }
          }
        },
        "jointLL1": {
          "rotation": {
            "x": {
              "0.0000": 9.0241,
              "0.3945": -4.849684,
              "0.6167": 10.782501,
              "0.6667": 9.0241
            }
          }
        },
        "jointRL1": {
          "rotation": {
            "x": {
              "0.0000": -5.0134,
              "0.3945": 8.860384,
              "0.6167": -6.771801,
              "0.6667": -5.0134
            }
          }
        }
      }
    },
    "animation.fervillager.fervillager.idle": {
      "loop": "loop",
      "animation_length": 4.0,
      "bones": {
        "jointH": {
          "rotation": {
            "x": {
              "0.0000": 11.1727,
              "0.2333": 8.199831,
              "0.7333": -7.824156,
              "0.8667": -10.423198,
              "0.9667": -11.159201,
              "1.1333": -9.883394,
              "1.2000": -8.5568,
              "1.9000": 10.9428,
              "1.9667": 11.17191,
              "2.0333": 10.894503,
              "2.1667": 8.893084,
              "2.7000": -7.9052,
              "2.9333": -10.968823,
              "3.1333": -9.201033,
              "3.6667": 7.685977,
              "3.8667": 11.448928,
              "3.9500": 11.809834,
              "4.0000": 11.1727
            },
            "z": {
              "0.0000": -10.5997,
              "0.2333": -8.416443,
              "0.3000": -7.0749,
              "0.8667": 8.004066,
              "0.9667": 9.612562,
              "1.1333": 10.594082,
              "1.2000": 10.3479,
              "1.4000": 7.5473,
              "1.9000": -6.0515,
              "2.1667": -10.351937,
              "2.2333": -10.594515,
              "2.5333": -7.30692,
              "2.9333": 3.573117,
              "3.1333": 4.599849,
              "3.2667": 2.740878,
              "3.8000": -9.922702,
              "3.8667": -10.65681,
              "3.9500": -11.067608,
              "4.0000": -10.5997
            }
          }
        },
        "jointRM1": {
          "rotation": {
            "x": {
              "0.0000": 11.1727,
              "0.2333": 8.199659,
              "0.7333": -7.82401,
              "0.9667": -11.1588,
              "1.2333": -7.742682,
              "1.7667": 9.028233,
              "1.9000": 10.9428,
              "1.9667": 11.171848,
              "2.0333": 10.894002,
              "2.7000": -7.9052,
              "2.9333": -10.968823,
              "3.2000": -7.625443,
              "3.7333": 9.37236,
              "3.8667": 11.448928,
              "3.9500": 11.809871,
              "4.0000": 11.1727
            }
          }
        },
        "joinRM2": {
          "rotation": {
            "y": {
              "0.0000": -10.5997,
              "0.3000": -7.0749,
              "0.8667": 8.003739,
              "1.1333": 10.593698,
              "1.4000": 7.5473,
              "2.0000": -8.2208,
              "2.2333": -10.594298,
              "2.5333": -7.306893,
              "3.1333": 3.705084,
              "3.2667": 1.759723,
              "3.8000": -10.364699,
              "3.9500": -11.187167,
              "4.0000": -10.5997
            }
          }
        },
        "jointRM3": {
          "rotation": {
            "z": {
              "0.0000": -11.1727,
              "0.2333": -8.199659,
              "0.7333": 7.82401,
              "0.9667": 11.1588,
              "1.2333": 7.742682,
              "1.7667": -9.028233,
              "1.9000": -10.9428,
              "1.9667": -11.171848,
              "2.0333": -10.894002,
              "2.7000": 7.9052,
              "2.9333": 10.968823,
              "3.2000": 7.625443,
              "3.7333": -9.37236,
              "3.8667": -11.448928,
              "3.9500": -11.809871,
              "4.0000": -11.1727
            }
          }
        },
        "jointRM4": {
          "rotation": {
            "x": {
              "0.0000": 10.5997,
              "0.3000": 7.0749,