{
  "format_version": "1.8.0",
  "animations": {
    "animation.ferhorse.ferhorse.walk": {
      "loop": "loop",
      "animation_length": 1.3334,
      "bones": {
        "jointFLL": {
          "rotation": {
            "x": {
              "0.0000": 11.23,
              "0.5000": -11.221033,
              "0.6667": 11.23,
              "0.6750": -9.824578,
              "0.8334": 11.503903,
              "1.2751": 13.474991,
              "1.3334": 11.23
            }
          }
        },
        "jointFRL": {
          "rotation": {
            "x": {
              "0.0000": -11.23,
              "0.5000": 11.221033,
              "0.6667": -11.23,
              "0.6750": 9.824578,
              "0.8334": -11.503903,
              "1.2751": -13.474991,
              "1.3334": -11.23
            }
          }
        },
        "jointBLL": {
          "rotation": {
            "x": {
              "0.0000": -11.23,
              "0.5000": 11.221033,
              "0.6667": -11.23,
              "0.6750": 9.824578,
              "0.8334": -11.503903,
              "1.2751": -13.474991,
              "1.3334": -11.23
            }
          }
        },
        "jointBRL": {
          "rotation": {
            "x": {
              "0.0000": 11.23,
              "0.5000": -11.221033,
              "0.6667": 11.23,
              "0.6750": -9.824578,
              "0.8334": 11.503903,
              "1.2751": 13.474991,
              "1.3334": 11.23
            }
          }
        },
        "mainbody": {
          "rotation": {
            "x": {
              "0.0000": -6.2592,
              "0.2833": 6.637622,
              "0.3834": 9.026291,
              "0.6667": -6.2592,
              "0.6750": 9.12086,
              "0.9500": -5.963058,
              "1.0584": -8.117298,
              "1.2751": -8.534996,
              "1.3334": -6.2592
            }
          },
          "position": {
            "y": {
              "0.0000": -0.28,
              "0.0583": -0.164423,
              "0.1833": 0.196137,
              "0.2167": 0.2569,
              "0.2500": 0.2799,
              "0.2750": 0.266315,
              "0.3083": 0.212092,
              "0.4500": -0.194894,
              "0.4834": -0.262623,
              "0.5250": -0.311891,
              "0.5667": -0.317049,
              "0.6584": -0.279334,
              "0.6917": -0.282458,
              "0.7750": -0.3188,
              "0.8000": -0.316122,
              "0.8250": -0.297175,
              "0.8834": -0.194894,
              "1.0251": 0.168394,
              "1.0584": 0.159137,
              "1.0834": 0.129965,
              "1.2751": -0.379061,
              "1.3334": -0.28
            }
          }
        }
      }
    },
    "animation.ferhorse.ferhorse.idle": {
      "loop": "loop",
      "animation_length": 4.0,
      "bones": {
        "jointH": {
          "rotation": {
            "x": {
              "0.0000": 17.3091,
              "0.1667": 12.796376,
              "0.5667": -13.983502,
              "0.7000": -17.2958,
              "0.7667": -16.742913,
              "0.8667": -13.24375,
              "1.4000": 17.2559,
              "1.5667": 13.670271,
              "1.9333": -11.340915,
              "2.1333": -17.299087,
              "2.3333": -10.532214,
              "2.7667": 16.511227,
              "2.8667": 17.1417,
              "2.9667": 14.895142,
              "3.0333": 14.154594,
              "3.1333": 13.907424,
              "3.2333": 14.464686,
              "3.5667": 18.756257,
              "3.8000": 20.122678,
              "3.9500": 18.662647,
              "4.0000": 17.3091
            },
            "z": {
              "0.0000": -18.4492,
              "0.1667": -14.444198,
              "0.5667": 12.049258,
              "0.7000": 17.5011,
              "0.7667": 18.42208,
              "0.8667": 17.333979,
              "0.9667": 13.47132,
              "1.4000": -14.754,
              "1.5667": -18.441342,
              "1.7333": -14.125119,
              "2.1333": 12.426332,
              "2.3333": 18.441118,
              "2.5333": 13.121028,
              "3.0333": -17.550564,
              "3.2333": -23.171093,
              "3.4667": -25.467142,
              "3.5667": -25.269301,
              "3.8000": -22.605766,
              "3.9500": -19.65046,
              "4.0000": -18.4492
            }
          }
        },
        "jointRM1": {
          "rotation": {
            "x": {
              "0.0000": 17.3091,
              "0.7000": -17.2958,
              "0.8667": -13.243508,
              "1.4000": 17.2559,
              "1.5667": 13.669449,
              "1.9333": -11.341024,
              "2.1333": -17.298438,
              "2.7667": 16.511237,
              "2.8667": 17.1417,
              "2.9667": 15.033677,
              "3.4667": 20.691043,
              "3.8000": 23.141835,
              "3.9500": 19.780879,
              "4.0000": 17.3091
            }
          }
        },
        "joinRM2": {
          "rotation": {
            "y": {
              "0.0000": -18.4492,
              "0.1667": -14.444198,
              "0.5667": 12.048959,
              "0.7667": 18.42102,
              "0.9667": 13.471158,
              "1.5333": -18.341336,
              "1.7333": -14.124896,
              "2.1333": 12.426395,
              "2.3333": 18.441118,
              "2.5333": 13.12126,
              "3.1333": -19.846836,
              "3.2333": -22.540079,
              "3.5667": -25.210239,
              "3.9500": -19.65046,
              "4.0000": -18.4492
            }
          }
        },
        "jointRM3": {
          "rotation": {
            "z": {
              "0.0000": -17.3091,
              "0.7000": 17.2958,
              "0.8667": 13.243508,
              "1.4000": -17.2559,
              "1.5667": -13.669449,
              "1.9333": 11.341024,
              "2.1333": 17.298438,
              "2.7667": -16.511237,
              "2.8667": -17.1417,
              "2.9667": -15.033677,
              "3.4667": -20.691043,
              "3.8000": -23.141835,
              "3.9500": -19.780879,
              "4.0000": -17.3091
            }
          }
        },
        "jointRM4": {
          "rotation": {
            "x": {
              "0.0000": 18.4492,
              "0.1667": 14.444198,
              "0.5667": -12.048959,
              "0.7667": -18.42102,
              "0.9667": -13.471158,
              "1.5333": 18.341336,
              "1.7333": 14.124896,
              "2.1333": -12.426395,
              "2.3333": -18.441118,
              "2.5333": -13.12126,
              "3.1333": 19.846836,
              "3.2333": 22.540079,
              "3.5667": 25.210239,
              "3.9500": 19.65046,
              "4.0000": 18.4492
            }
          }
        },
        "jointRR1": {
          "rotation": {
            "y": {
              "0.0000": -17.3091,
              "0.7000": 17.2958,
              "0.8667": 13.243508,
              "1.4000": -17.2559,
              "1.5667": -13.669449,
              "1.9333": 11.341024,
              "2.1333": 17.298438,
              "2.7667": -16.511237,
              "2.8667": -17.1417,
              "2.9667": -15.033677,
              "3.4667": -20.691043,
              "3.8000": -23.141835,
              "3.9500": -19.780879,
              "4.0000": -17.3091
            }
          }
        },
        "joinRR2": {
          "rotation": {
            "z": {
              "0.0000": -18.4492,
              "0.1667": -14.444198,
              "0.5667": 12.048959,
              "0.7667": 18.42102,
              "0.9667": 13.471158,
              "1.5333": -18.341336,
              "1.7333": -14.124896,
              "2.1333": 12.426395,
              "2.3333": 18.441118,
              "2.5333": 13.12126,
              "3.1333": -19.846836,
              "3.2333": -22.540079,
              "3.5667": -25.210239,
              "3.9500": -19.65046,