{
  "format_version": "1.8.0",
  "animations": {
    "animation.hiskeleton.hiskeleton.walk": {
      "loop": "loop",
      "animation_length": 0.6667,
      "bones": {
        "jointLL1": {
          "rotation": {
            "x": {
              "0.0000": 7.8029,
              "0.3333": -0.766758,
              "0.5334": 5.679676,
              "0.6167": 9.088477,
              "0.6667": 7.8029
            }
          }
        },
        "jointRL1": {
          "rotation": {
            "x": {
              "0.0000": 0.2185,
              "0.3333": 8.788158,
              "0.5334": 2.341724,
              "0.6167": -1.067077,
              "0.6667": 0.2185
            }
          }
        },
        "jointLL2": {
          "rotation": {
            "x": {
              "0.0000": 7.8029,
              "0.2556": 11.026842,
              "0.6167": 7.172238,
              "0.6667": 7.8029
            }
          }
        },
        "jointRL2": {
          "rotation": {
            "x": {
              "0.0000": 0.2185,
              "0.2556": -3.005442,
              "0.6167": 0.849162,
              "0.6667": 0.2185
            }
          }
        },
        "jointLAY": {
          "rotation": {
            "x": {
              "0.0000": -3.7922,
              "0.3333": 4.777458,
              "0.5334": -1.668976,
              "0.6167": -5.077777,
              "0.6667": -3.7922
            }
          }
        },
        "jointLA1": {
          "rotation": {
            "x": {
              "0.0000": -7.0187,
              "0.2000": -4.931717,
              "0.6167": -7.540446,
              "0.6667": -7.0187
            }
          }
        },
        "jointRA1": {
          "rotation": {
            "x": {
              "0.0000": 7.0187,
              "0.2000": 4.931717,
              "0.6167": 7.540446,
              "0.6667": 7.0187
            }
          }
        },
        "jointRAY": {
          "rotation": {
            "x": {
              "0.0000": 3.7922,
              "0.3333": -4.777458,
              "0.5334": 1.668976,
              "0.6167": 5.077777,
              "0.6667": 3.7922
            }
          }
        },
        "jointLA2": {
          "rotation": {
            "x": {
              "0.0000": 0.2185,
              "0.2556": -3.005442,
              "0.6167": 0.849162,
              "0.6667": 0.2185
            }
          }
        },
        "jointRA2": {
          "rotation": {
            "x": {
              "0.0000": 7.8029,
              "0.2556": 11.026842,
              "0.6167": 7.172238,
              "0.6667": 7.8029
            }
          }
        },
        "jointLAX": {
          "rotation": {
            "y": {
              "0.0000": 5.7928,
              "0.1278": 6.985754,
              "0.2556": 6.437501,
              "0.5723": 5.802535,
              "0.6167": 5.326073,
              "0.6667": 5.7928
            }
          }
        },
        "jointRAX": {
          "rotation": {
            "y": {
              "0.0000": 5.7928,
              "0.1278": 6.985754,
              "0.2556": 6.437501,
              "0.5723": 5.802535,
              "0.6167": 5.326073,
              "0.6667": 5.7928
            }
          }
        },
        "mainbody": {
          "position": {
            "y": {
              "0.0000": -0.28,
              "0.3945": 0.27352,
              "0.6167": -0.350155,
              "0.6667": -0.28
            }
          }
        }
      }
    },
    "animation.hiskeleton.hiskeleton.idle": {
      "loop": "loop",
      "animation_length": 4.0,
      "bones": {
        "jointH": {
          "rotation": {
            "x": {
              "0.0000": 11.8316,
              "0.2000": 8.895,
              "0.6333": -7.704691,
              "0.7333": -10.373576,
              "0.8667": -11.828299,
              "0.9333": -11.550019,
              "1.0667": -9.060989,
              "1.7000": 11.6744,
              "1.7333": 11.820246,
              "1.8333": 11.242563,
              "1.9333": 9.223355,
              "2.4000": -8.3714,
              "2.6000": -11.8068,
              "2.7667": -10.176464,
              "2.8333": -8.450535,
              "3.3667": 8.31248,
              "3.5333": 11.413562,
              "3.6667": 12.890795,
              "3.7667": 13.331886,
              "3.8667": 13.145157,
              "3.9500": 12.56575,
              "4.0000": 11.8316
            },
            "z": {
              "0.0000": -11.8316,
              "0.2333": -8.299169,
              "0.7333": 9.430971,
              "0.8667": 11.607067,
              "0.9333": 11.825153,
              "1.1333": 8.958819,
              "1.7000": -10.3651,
              "1.8333": -11.816673,
              "1.9000": -11.6471,
              "2.0333": -9.558602,
              "2.5333": 8.145215,
              "2.6000": 9.8656,
              "2.7667": 11.829082,
              "2.8333": 11.574705,
              "3.0000": 7.974957,
              "3.5333": -7.594198,
              "3.6667": -10.51595,
              "3.8667": -12.575816,
              "3.9500": -12.588658,
              "4.0000": -11.8316
            }
          }
        },
        "hjointM_2": {
          "rotation": {
            "x": {
              "0.0000": 11.8316,
              "0.2333": 8.298825,
              "0.7333": -9.43062,
              "0.9333": -11.824727,
              "1.1333": -8.958648,
              "1.8333": 11.816673,
              "1.9000": 11.6471,
              "2.0333": 9.558544,
              "2.5333": -8.144848,
              "2.7667": -11.828595,
              "3.0000": -7.878635,
              "3.6667": 10.650812,
              "3.8667": 12.740694,
              "3.9500": 12.588731,
              "4.0000": 11.8316
            }
          }
        },
        "hjointM_3": {
          "rotation": {
            "x": {
              "0.0000": 11.8316,
              "0.2333": 8.298825,
              "0.7333": -9.43062,
              "0.9333": -11.824727,
              "1.1333": -8.958648,
              "1.8333": 11.816673,
              "1.9000": 11.6471,
              "2.0333": 9.558544,
              "2.5333": -8.144848,
              "2.7667": -11.828595,
              "3.0000": -7.878635,
              "3.6667": 10.650812,
              "3.8667": 12.740694,
              "3.9500": 12.588731,
              "4.0000": 11.8316
            }
          }
        },
        "hjointM_7": {
          "rotation": {
            "x": {
              "0.0000": 11.8316,
              "0.2333": 8.298825,
              "0.7333": -9.43062,
              "0.9333": -11.824727,
              "1.1333": -8.958648,
              "1.8333": 11.816673,
              "1.9000": 11.6471,
              "2.0333": 9.558544,
              "2.5333": -8.144848,
              "2.7667": -11.828595,
              "3.0000": -7.878635,
              "3.6667": 10.650812,
              "3.8667": 12.740694,
              "3.9500": 12.588731,
              "4.0000": 11.8316
            }
          }
        },
        "hjointM_9": {
          "rotation": {
            "x": {
              "0.0000": 11.8316,
              "0.2333": 8.298825,
              "0.7333": -9.43062,
              "0.9333": -11.824727,
              "1.1333": -8.958648,
              "1.8333": 11.816673,
              "1.9000": 11.6471,
              "2.0333": 9.558544,
              "2.5333": -8.144848,
              "2.7667": -11.828595,
              "3.0000": -7.878635,
              "3.6667": 10.650812,
              "3.8667": 12.740694,
              "3.9500": 12.588731,
              "4.0000": 11.8316
            }
          }
        },
        "hjointL_2": {
          "rotation": {
            "x": {
              "0.0000": 11.8316,
              "0.2333": 8.298825,
              "0.7333": -9.43062,
              "0.9333": -11.824727,
              "1.1333": -8.958648,
              "1.8333": 11.816673,
              "1.9000": 11.6471,