{
  "format_version": "1.8.0",
  "animations": {
    "animation.higolem.higolem.walk": {
      "loop": "loop",
      "animation_length": 0.6667,
      "bones": {
        "jointLL1": {
          "rotation": {
            "x": {
              "0.0000": 7.8029,
              "0.5667": 2.874649,
              "0.6167": 8.23772,
              "0.6667": 7.8029
            }
          }
        },
        "jointRL1": {
          "rotation": {
            "x": {
              "0.0000": 0.2185,
              "0.5667": 5.146751,
              "0.6167": -0.21632,
              "0.6667": 0.2185
            }
          }
        },
        "jointLL2": {
          "rotation": {
            "x": {
              "0.0000": 7.8029,
              "0.3222": 10.993266,
              "0.6167": 7.307809,
              "0.6667": 7.8029
            }
          }
        },
        "jointRL2": {
          "rotation": {
            "x": {
              "0.0000": 0.2185,
              "0.3222": -2.971866,
              "0.6167": 0.713591,
              "0.6667": 0.2185
            }
          }
        },
        "jointLA1": {
          "rotation": {
            "x": {
              "0.0000": -7.0187,
              "0.2389": -5.170495,
              "0.6167": -7.405516,
              "0.6667": -7.0187
            }
          }
        },
        "jointRA1": {
          "rotation": {
            "x": {
              "0.0000": 7.0187,
              "0.2389": 5.170495,
              "0.6167": 7.405516,
              "0.6667": 7.0187
            }
          }
        },
        "jointLA2": {
          "rotation": {
            "x": {
              "0.0000": 0.2185,
              "0.3222": -2.971866,
              "0.6167": 0.713591,
              "0.6667": 0.2185
            }
          }
        },
        "jointRA2": {
          "rotation": {
            "x": {
              "0.0000": 7.8029,
              "0.3222": 10.993266,
              "0.6167": 7.307809,
              "0.6667": 7.8029
            }
          }
        },
        "mainbody": {
          "position": {
            "y": {
              "0.0000": -0.28,
              "0.5056": 0.250419,
              "0.6167": -0.332454,
              "0.6667": -0.28
            }
          }
        }
      }
    },
    "animation.higolem.higolem.idle": {
      "loop": "loop",
      "animation_length": 4.0,
      "bones": {
        "jointH": {
          "rotation": {
            "x": {
              "0.0000": 11.1727,
              "0.2333": 8.199831,
              "0.7333": -7.824156,
              "0.8667": -10.423198,
              "0.9667": -11.159201,
              "1.1333": -9.883394,
              "1.2000": -8.5568,
              "1.9000": 10.9428,
              "1.9667": 11.17191,
              "2.0333": 10.894503,
              "2.1667": 8.893084,
              "2.7000": -7.9052,
              "2.9333": -10.968823,
              "3.1333": -9.201033,
              "3.6667": 7.685977,
              "3.8667": 11.448928,
              "3.9500": 11.809834,
              "4.0000": 11.1727
            },
            "z": {
              "0.0000": -10.5997,
              "0.2333": -8.416443,
              "0.3000": -7.0749,
              "0.8667": 8.004066,
              "0.9667": 9.612562,
              "1.1333": 10.594082,
              "1.2000": 10.3479,
              "1.4000": 7.5473,
              "1.9000": -6.0515,
              "2.1667": -10.351937,
              "2.2333": -10.594515,
              "2.5333": -7.30692,
              "2.9333": 3.573117,
              "3.1333": 4.599849,
              "3.2667": 2.740878,
              "3.8000": -9.922702,
              "3.8667": -10.65681,
              "3.9500": -11.067608,
              "4.0000": -10.5997
            }
          }
        },
        "jointDM1": {
          "rotation": {
            "x": {
              "0.0000": 11.1727,
              "0.2333": 8.199659,
              "0.7333": -7.82401,
              "0.9667": -11.1588,
              "1.2333": -7.742682,
              "1.7667": 9.028233,
              "1.9000": 10.9428,
              "1.9667": 11.171848,
              "2.0333": 10.894002,
              "2.7000": -7.9052,
              "2.9333": -10.968823,
              "3.2000": -7.625443,
              "3.7333": 9.37236,
              "3.8667": 11.448928,
              "3.9500": 11.809871,
              "4.0000": 11.1727
            }
          }
        },
        "jointDM2": {
          "rotation": {
            "y": {
              "0.0000": -10.5997,
              "0.3000": -7.0749,
              "0.8667": 8.003739,
              "1.1333": 10.593698,
              "1.4000": 7.5473,
              "2.0000": -8.2208,
              "2.2333": -10.594298,
              "2.5333": -7.306893,
              "3.1333": 3.705084,
              "3.2667": 1.759723,
              "3.8000": -10.364699,
              "3.9500": -11.187167,
              "4.0000": -10.5997
            }
          }
        },
        "jointDM3": {
          "rotation": {
            "z": {
              "0.0000": -11.1727,
              "0.2333": -8.199659,
              "0.7333": 7.82401,
              "0.9667": 11.1588,
              "1.2333": 7.742682,
              "1.7667": -9.028233,
              "1.9000": -10.9428,
              "1.9667": -11.171848,
              "2.0333": -10.894002,
              "2.7000": 7.9052,
              "2.9333": 10.968823,
              "3.2000": 7.625443,
              "3.7333": -9.37236,
              "3.8667": -11.448928,
              "3.9500": -11.809871,
              "4.0000": -11.1727
            }
          }
        },
        "jointDM4": {
          "rotation": {
            "x": {
              "0.0000": 10.5997,
              "0.3000": 7.0749,
              "0.8667": -8.003739,
              "1.1333": -10.593698,
              "1.4000": -7.5473,
              "2.0000": 8.2208,
              "2.2333": 10.594298,
              "2.5333": 7.306893,
              "3.1333": -3.705084,
              "3.2667": -1.759723,
              "3.8000": 10.364699,
              "3.9500": 11.187167,
              "4.0000": 10.5997
            }
          }
        },
        "jointDR1": {
          "rotation": {
            "y": {
              "0.0000": -11.1727,
              "0.2333": -8.199659,
              "0.7333": 7.82401,
              "0.9667": 11.1588,
              "1.2333": 7.742682,
              "1.7667": -9.028233,
              "1.9000": -10.9428,
              "1.9667": -11.171848,
              "2.0333": -10.894002,
              "2.7000": 7.9052,
              "2.9333": 10.968823,
              "3.2000": 7.625443,
              "3.7333": -9.37236,
              "3.8667": -11.448928,
              "3.9500": -11.809871,
              "4.0000": -11.1727
            }
          }
        },
        "jointDR2": {
          "rotation": {
            "z": {
              "0.0000": -10.5997,
              "0.3000": -7.0749,
              "0.8667": 8.003739,
              "1.1333": 10.593698,
              "1.4000": 7.5473,
              "2.0000": -8.2208,
              "2.2333": -10.594298,
              "2.5333": -7.306893,
              "3.1333": 3.705084,
              "3.2667": 1.759723,
              "3.8000": -10.364699,
              "3.9500": -11.187167,
              "4.0000": -10.5997
            }
          }
        },
        "jointDR3": {
          "rotation": {
            "x": {
              "0.0000": 11.1727,
              "0.2333": 8.199659,
              "0.7333": -7.82401,
              "0.9667": -11.1588,
              "1.2333": -7.742682,
              "1.7667": 9.028233,
              "1.9000": 10.9428,
              "1.9667": 11.171848,
              "2.0333": 10.894002,
              "2.7000": -7.9052,
              "2.9333": -10.968823,
              "3.2000": -7.625443,
              "3.7333": 9.37236,
              "3.8667": 11.448928,
              "3.9500": 11.809871,