{
  "format_version": "1.8.0",
  "animations": {
    "animation.rathol.rathol.walk": {
      "loop": "loop",
      "animation_length": 0.6667,
      "bones": {
        "leftleg": {
          "rotation": {
            "x": {
              "0.0000": 20.0535,
              "0.5667": 1.931075,
              "0.6167": 21.652443,
              "0.6667": 20.0535
            }
          }
        },
        "rightleg": {
          "rotation": {
            "x": {
              "0.0000": 20.0535,
              "0.5667": 1.931075,
              "0.6167": 21.652443,
              "0.6667": 20.0535
            }
          }
        },
        "frontleg": {
          "rotation": {
            "x": {
              "0.0000": -20.0535,
              "0.5667": -1.931075,
              "0.6167": -21.652443,
              "0.6667": -20.0535
            }
          }
        }
      }
    }
  }
}