{
  "format_version": "1.8.0",
  "animations": {
    "animation.infsheephead.infsheephead.walk": {
      "loop": "loop",
      "animation_length": 0.6667,
      "bones": {
        "jointFLLX": {
          "rotation": {
            "y": {
              "0.0000": -4.1273,
              "0.0500": -4.2098,
              "0.2000": -3.2079,
              "0.5723": -3.85148,
              "0.6667": -4.1273
            }
          }
        },
        "jointFRLX": {
          "rotation": {
            "y": {
              "0.0000": -4.1273,
              "0.0500": -4.2098,
              "0.2000": -3.2079,
              "0.5723": -3.85148,
              "0.6667": -4.1273
            }
          }
        },
        "jointMLLX": {
          "rotation": {
            "y": {
              "0.0000": 4.1273,
              "0.0500": 4.2098,
              "0.2000": 3.2079,
              "0.5723": 3.85148,
              "0.6667": 4.1273
            }
          }
        },
        "jointMRLX": {
          "rotation": {
            "y": {
              "0.0000": 4.1273,
              "0.0500": 4.2098,
              "0.2000": 3.2079,
              "0.5723": 3.85148,
              "0.6667": 4.1273
            }
          }
        },
        "jointBLLX": {
          "rotation": {
            "y": {
              "0.0000": -4.1273,
              "0.0500": -4.2098,
              "0.2000": -3.2079,
              "0.5723": -3.85148,
              "0.6667": -4.1273
            }
          }
        },
        "jointBRLX": {
          "rotation": {
            "y": {
              "0.0000": -4.1273,
              "0.0500": -4.2098,
              "0.2000": -3.2079,
              "0.5723": -3.85148,
              "0.6667": -4.1273
            }
          }
        },
        "jointFLLY": {
          "rotation": {
            "z": {
              "0.0000": -1.5169,
              "0.4667": 2.806189,
              "0.6167": -1.980055,
              "0.6667": -1.5169
            }
          }
        },
        "jointFRLY": {
          "rotation": {
            "z": {
              "0.0000": 1.5169,
              "0.4667": -2.806189,
              "0.6167": 1.980055,
              "0.6667": 1.5169
            }
          }
        },
        "jointMLLY": {
          "rotation": {
            "z": {
              "0.0000": 1.5169,
              "0.4667": -2.806189,
              "0.6167": 1.980055,
              "0.6667": 1.5169
            }
          }
        },
        "jointMRLY": {
          "rotation": {
            "z": {
              "0.0000": -1.5169,
              "0.4667": 2.806189,
              "0.6167": -1.980055,
              "0.6667": -1.5169
            }
          }
        },
        "jointBLLY": {
          "rotation": {
            "z": {
              "0.0000": -1.5169,
              "0.4667": 2.806189,
              "0.6167": -1.980055,
              "0.6667": -1.5169
            }
          }
        },
        "jointBRLY": {
          "rotation": {
            "z": {
              "0.0000": 1.5169,
              "0.4667": -2.806189,
              "0.6167": 1.980055,
              "0.6667": 1.5169
            }
          }
        },
        "mainbody": {
          "position": {
            "y": {
              "0.0000": -0.112,
              "0.3445": 0.109491,
              "0.6167": -0.144147,
              "0.6667": -0.112
            }
          }
        }
      }
    },
    "animation.infsheephead.infsheephead.idle": {
      "loop": "loop",
      "animation_length": 3.1416,
      "bones": {
        "hair_jointR1": {
          "rotation": {
            "x": {
              "0.0000": 2.8648,
              "0.1833": 2.673501,
              "0.3927": 2.0257,
              "1.2305": -2.221113,
              "1.5708": -2.8648,
              "1.9111": -2.221113,
              "2.7489": 2.097019,
              "2.9583": 2.767482,
              "3.1416": 2.8648
            }
          }
        },
        "hair_jointR2": {
          "rotation": {
            "x": {
              "0.0000": 2.8648,
              "0.1833": 2.673501,
              "0.3927": 2.0257,
              "1.2305": -2.221113,
              "1.5708": -2.8648,
              "1.9111": -2.221113,
              "2.7489": 2.097019,
              "2.9583": 2.767482,
              "3.1416": 2.8648
            }
          }
        },
        "hair_jointR3": {
          "rotation": {
            "x": {
              "0.0000": 2.8648,
              "0.1833": 2.673501,
              "0.3927": 2.0257,
              "1.2305": -2.221113,
              "1.5708": -2.8648,
              "1.9111": -2.221113,
              "2.7489": 2.097019,
              "2.9583": 2.767482,
              "3.1416": 2.8648
            }
          }
        },
        "hair_jointR4": {
          "rotation": {
            "x": {
              "0.0000": 2.8648,
              "0.1833": 2.673501,
              "0.3927": 2.0257,
              "1.2305": -2.221113,
              "1.5708": -2.8648,
              "1.9111": -2.221113,
              "2.7489": 2.097019,
              "2.9583": 2.767482,
              "3.1416": 2.8648
            }
          }
        },
        "hair_jointR5": {
          "rotation": {
            "x": {
              "0.0000": 2.8648,
              "0.1833": 2.673501,
              "0.3927": 2.0257,
              "1.2305": -2.221113,
              "1.5708": -2.8648,
              "1.9111": -2.221113,
              "2.7489": 2.097019,
              "2.9583": 2.767482,
              "3.1416": 2.8648
            }
          }
        },
        "hair_jointR6": {
          "rotation": {
            "x": {
              "0.0000": 2.8648,
              "0.1833": 2.673501,
              "0.3927": 2.0257,
              "1.2305": -2.221113,
              "1.5708": -2.8648,
              "1.9111": -2.221113,
              "2.7489": 2.097019,
              "2.9583": 2.767482,
              "3.1416": 2.8648
            }
          }
        }
      }
    },
    "animation.infsheephead.infsheephead.evolved": {
      "loop": "loop",
      "animation_length": 3.1416,
      "bones": {
        "hair_jointR1": {
          "rotation": {
            "x": {
              "0.0000": 4.5837,
              "0.1833": -4.438505,
              "0.3927": 4.5837,
              "0.5760": -4.438505,
              "0.7854": 4.5837,
              "0.9687": -4.438505,
              "1.1781": 4.5837,
              "1.3614": -4.438505,
              "1.5708": 4.5837,
              "1.7541": -4.438505,
              "1.9635": 4.5837,
              "2.1468": -4.438505,
              "2.3562": 4.5837,
              "2.5395": -4.367313,
              "2.7489": -2.605598,
              "2.9583": 5.643172,
              "3.0916": 7.044749,
              "3.1416": 4.5837
            }
          }
        },
        "hair_jointR2": {
          "rotation": {
            "x": {
              "0.0000": 4.5837,
              "0.1833": -4.438505,
              "0.3927": 4.5837,
              "0.5760": -4.438505,
              "0.7854": 4.5837,
              "0.9687": -4.438505,
              "1.1781": 4.5837,
              "1.3614": -4.438505,
              "1.5708": 4.5837,
              "1.7541": -4.438505,
              "1.9635": 4.5837,
              "2.1468": -4.438505,
              "2.3562": 4.5837,
              "2.5395": -4.367313,
              "2.7489": -2.605598,
              "2.9583": 5.643172,
              "3.0916": 7.044749,
              "3.1416": 4.5837
            }
          }
        },
        "hair_jointR3": {
          "rotation": {
            "x": {
              "0.0000": 4.5837,
              "0.1833": -4.438505,
              "0.3927": 4.5837,
              "0.5760": -4.438505,
              "0.7854": 4.5837,
              "0.9687": -4.438505,
              "1.1781": 4.5837,
              "1.3614": -4.438505,
              "1.5708": 4.5837,
              "1.7541": -4.438505,
              "1.9635": 4.5837,