{
  "format_version": "1.8.0",
  "animations": {
    "animation.infsquid.infsquid.idle": {
      "loop": "loop",
      "animation_length": 4.0,
      "bones": {
        "jointBDT": {
          "rotation": {
            "x": {
              "0.0000": -0.0,
              "0.2667": -15.756956,
              "0.3333": -15.292795,
              "0.8667": 15.812409,
              "1.4333": -15.82909,
              "2.0000": 15.8412,
              "2.5667": -15.837495,
              "3.1000": 13.264406,
              "3.2667": 17.897149,
              "3.6667": 16.288511,
              "3.9500": 2.95406,
              "4.0000": -0.0
            }
          }
        },
        "jointBDT_1": {
          "rotation": {
            "x": {
              "0.0000": 0.0,
              "0.2667": 16.200175,
              "0.3333": 15.954923,
              "0.7333": -11.736895,
              "0.9000": -16.2261,
              "1.4667": 16.34357,
              "1.9333": -13.471569,
              "2.0667": -16.246299,
              "2.6333": 16.348476,
              "3.2000": -16.3068,
              "3.6333": -16.29993,
              "3.9500": -3.037153,
              "4.0000": 0.0
            }
          }
        },
        "jointBDT_2": {
          "rotation": {
            "x": {
              "0.0000": 0.0,
              "0.2000": 14.4554,
              "0.3333": 16.736028,
              "0.7667": -12.022059,
              "0.9333": -16.85117,
              "1.5333": 16.897038,
              "2.0000": -12.5321,
              "2.1667": -16.779191,
              "2.7667": 16.872169,
              "3.3667": -11.24268,
              "3.7333": -12.437443,
              "3.9500": -3.61385,
              "4.0000": 0.0
            }
          }
        },
        "jointBUT": {
          "rotation": {
            "x": {
              "0.0000": 0.0,
              "0.2667": 16.200175,
              "0.3333": 15.954923,
              "0.7333": -11.736895,
              "0.9000": -16.2261,
              "1.4667": 16.34357,
              "1.9333": -13.471569,
              "2.0667": -16.246299,
              "2.6333": 16.348476,
              "3.2000": -16.3068,
              "3.6333": -16.29993,
              "3.9500": -3.037153,
              "4.0000": 0.0
            }
          }
        },
        "jointBUT_1": {
          "rotation": {
            "x": {
              "0.0000": -0.0,
              "0.2667": -15.756956,
              "0.3333": -15.292795,
              "0.8667": 15.812409,
              "1.4333": -15.82909,
              "2.0000": 15.8412,
              "2.5667": -15.837495,
              "3.1000": 13.264406,
              "3.2667": 17.897149,
              "3.6667": 16.288511,
              "3.9500": 2.95406,
              "4.0000": -0.0
            }
          }
        },
        "jointBUT_2": {
          "rotation": {
            "x": {
              "0.0000": -0.0,
              "0.2000": -14.4554,
              "0.3333": -16.736028,
              "0.7667": 12.022059,
              "0.9333": 16.85117,
              "1.5333": -16.897038,
              "2.0000": 12.5321,
              "2.1667": 16.779191,
              "2.7667": -16.872169,
              "3.3667": 11.24268,
              "3.7333": 12.437443,
              "3.9500": 3.61385,
              "4.0000": -0.0
            }
          }
        },
        "jointBLT": {
          "rotation": {
            "z": {
              "0.0000": 0.0,
              "0.2000": 14.4554,
              "0.3333": 16.736028,
              "0.7667": -12.022059,
              "0.9333": -16.85117,
              "1.5333": 16.897038,
              "2.0000": -12.5321,
              "2.1667": -16.779191,
              "2.7667": 16.872169,
              "3.3667": -11.24268,
              "3.7333": -12.437443,
              "3.9500": -3.61385,
              "4.0000": 0.0
            }
          }
        },
        "jointBLT_1": {
          "rotation": {
            "z": {
              "0.0000": -0.0,
              "0.1667": -12.294235,
              "0.3000": -14.2407,
              "0.8000": 14.567,
              "1.3333": -14.47086,
              "1.8333": 14.61525,
              "2.3667": -14.594568,
              "2.9000": 14.5312,
              "3.4000": -6.283149,
              "3.7333": 4.521714,
              "3.8333": 5.771614,
              "3.9500": 3.687533,
              "4.0000": -0.0
            }
          }
        },
        "jointBLT_2": {
          "rotation": {
            "z": {
              "0.0000": -0.0,
              "0.1667": -12.497355,
              "0.3000": -15.0856,
              "0.8333": 15.213916,
              "1.3667": -15.26502,
              "1.9333": 15.140626,
              "2.4667": -15.242304,
              "2.9667": 14.931948,
              "3.4667": 0.502104,
              "3.8000": 6.693915,
              "3.9333": 3.748457,
              "4.0000": -0.0
            }
          }
        },
        "jointBRT": {
          "rotation": {
            "z": {
              "0.0000": -0.0,
              "0.2000": -14.4554,
              "0.3333": -16.736028,
              "0.7667": 12.022059,
              "0.9333": 16.85117,
              "1.5333": -16.897038,
              "2.0000": 12.5321,
              "2.1667": 16.779191,
              "2.7667": -16.872169,
              "3.3667": 11.24268,
              "3.7333": 12.437443,
              "3.9500": 3.61385,
              "4.0000": -0.0
            }
          }
        },
        "jointBRT_1": {
          "rotation": {
            "z": {
              "0.0000": 0.0,
              "0.2667": 15.756956,
              "0.3333": 15.292795,
              "0.8667": -15.812409,
              "1.4333": 15.82909,
              "2.0000": -15.8412,
              "2.5667": 15.837495,
              "3.1000": -13.264406,
              "3.2667": -17.897149,
              "3.6667": -16.288511,
              "3.9500": -2.95406,
              "4.0000": 0.0
            }
          }
        },
        "jointBRT_2": {
          "rotation": {
            "z": {
              "0.0000": -0.0,
              "0.2667": -16.200175,
              "0.3333": -15.954923,
              "0.7333": 11.736895,
              "0.9000": 16.2261,
              "1.4667": -16.34357,
              "1.9333": 13.471569,
              "2.0667": 16.246299,
              "2.6333": -16.348476,
              "3.2000": 16.3068,
              "3.6333": 16.29993,
              "3.9500": 3.037153,
              "4.0000": -0.0
            }
          }
        },
        "jointULT": {
          "rotation": {
            "y": {
              "0.0000": -0.0,
              "0.1667": -12.294235,
              "0.3000": -14.2407,
              "0.8000": 14.567,
              "1.3333": -14.47086,
              "1.8333": 14.61525,
              "2.3667": -14.594568,
              "2.9000": 14.5312,
              "3.4000": -6.283149,
              "3.7333": 4.521714,
              "3.8333": 5.771614,
              "3.9500": 3.687533,
              "4.0000": -0.0
            }
          }
        },
        "jointULT_1": {
          "rotation": {
            "y": {
              "0.0000": 0.0,
              "0.2000": 14.4554,
              "0.3333": 16.736028,
              "0.7667": -12.022059,
              "0.9333": -16.85117,
              "1.5333": 16.897038,
              "2.0000": -12.5321,
              "2.1667": -16.779191,
              "2.7667": 16.872169,
              "3.3667": -11.24268,
              "3.7333": -12.437443,
              "3.9500": -3.61385,
              "4.0000": 0.0
            }
          }
        },
        "jointULT_2": {
          "rotation": {
            "z": {
              "0.0000": -0.0,
              "0.1667": -12.497355,
              "0.3000": -15.0856,
              "0.8333": 15.213916,
              "1.3667": -15.26502,
              "1.9333": 15.140626,
              "2.4667": -15.242304,
              "2.9667": 14.931948,