{
  "format_version": "1.8.0",
  "animations": {
    "animation.infbear.infbear.walk": {
      "loop": "loop",
      "animation_length": 0.6667,
      "bones": {
        "jointRAY": {
          "rotation": {
            "x": {
              "0.0000": 2.2753,
              "0.3500": -2.866512,
              "0.6167": 3.009845,
              "0.6667": 2.2753
            }
          }
        },
        "jointLAY": {
          "rotation": {
            "x": {
              "0.0000": -2.2753,
              "0.3500": 2.866512,
              "0.6167": -3.009845,
              "0.6667": -2.2753
            }
          }
        },
        "jointLL": {
          "rotation": {
            "y": {
              "0.0000": 6.3169,
              "0.2111": 4.421488,
              "0.6167": 6.765837,
              "0.6667": 6.3169
            }
          }
        },
        "jointRL": {
          "rotation": {
            "y": {
              "0.0000": -6.3169,
              "0.2111": -4.421488,
              "0.6167": -6.765837,
              "0.6667": -6.3169
            }
          }
        },
        "jointRAX": {
          "rotation": {
            "z": {
              "0.0000": -6.3169,
              "0.2111": -4.421488,
              "0.6167": -6.765837,
              "0.6667": -6.3169
            }
          }
        },
        "jointLAX": {
          "rotation": {
            "z": {
              "0.0000": -6.3169,
              "0.2111": -4.421488,
              "0.6167": -6.765837,
              "0.6667": -6.3169
            }
          }
        },
        "mainbody": {
          "position": {
            "y": {
              "0.0000": -0.448,
              "0.4167": 0.448,
              "0.6611": -0.450861,
              "0.6667": -0.448
            }
          }
        }
      }
    },
    "animation.infbear.infbear.idle": {
      "loop": "loop",
      "animation_length": 2.0944,
      "bones": {
        "jointDM1": {
          "rotation": {
            "y": {
              "0.0000": -2.3778,
              "0.2618": -1.674145,
              "0.8203": 1.840821,
              "1.0472": 2.368056,
              "1.2741": 1.842639,
              "1.8326": -1.684536,
              "2.0444": -2.512188,
              "2.0944": -2.3778
            }
          }
        },
        "jointDM2": {
          "rotation": {
            "y": {
              "0.0000": -2.3778,
              "0.2618": -1.674145,
              "0.8203": 1.840821,
              "1.0472": 2.368056,
              "1.2741": 1.842639,
              "1.8326": -1.684536,
              "2.0444": -2.512188,
              "2.0944": -2.3778
            }
          }
        },
        "jointDM3": {
          "rotation": {
            "y": {
              "0.0000": -2.3778,
              "0.2618": -1.674145,
              "0.8203": 1.840821,
              "1.0472": 2.368056,
              "1.2741": 1.842639,
              "1.8326": -1.684536,
              "2.0444": -2.512188,
              "2.0944": -2.3778
            }
          }
        },
        "jointUM1": {
          "rotation": {
            "y": {
              "0.0000": 5.2426,
              "0.2269": 4.062809,
              "0.7854": -3.699737,
              "1.0472": -5.21813,
              "1.3090": -3.702215,
              "1.8675": 4.055165,
              "2.0444": 5.50258,
              "2.0944": 5.2426
            }
          }
        },
        "jointUM2": {
          "rotation": {
            "y": {
              "0.0000": 5.2426,
              "0.2269": 4.062809,
              "0.7854": -3.699737,
              "1.0472": -5.21813,
              "1.3090": -3.702215,
              "1.8675": 4.055165,
              "2.0444": 5.50258,
              "2.0944": 5.2426
            }
          }
        },
        "jointUM3": {
          "rotation": {
            "z": {
              "0.0000": 5.2426,
              "0.2269": 4.062809,
              "0.7854": -3.699737,
              "1.0472": -5.21813,
              "1.3090": -3.702215,
              "1.8675": 4.055165,
              "2.0444": 5.50258,
              "2.0944": 5.2426
            }
          }
        }
      }
    },
    "animation.infbear.infbear.evolved": {
      "loop": "loop",
      "animation_length": 1.0472,
      "bones": {
        "jointDM1": {
          "rotation": {
            "y": {
              "0.0000": -2.3778,
              "0.5236": 2.339755,
              "0.9972": -2.828292,
              "1.0472": -2.3778
            }
          }
        },
        "jointDM2": {
          "rotation": {
            "y": {
              "0.0000": -19.5665,
              "0.5236": -14.849044,
              "0.9972": -20.016983,
              "1.0472": -19.5665
            }
          }
        },
        "jointDM3": {
          "rotation": {
            "y": {
              "0.0000": -2.3778,
              "0.5236": 2.339755,
              "0.9972": -2.828292,
              "1.0472": -2.3778
            }
          }
        },
        "jointUM1": {
          "rotation": {
            "y": {
              "0.0000": 16.7017,
              "0.5236": 6.300481,
              "0.9972": 17.694941,
              "1.0472": 16.7017
            }
          }
        },
        "jointUM2": {
          "rotation": {
            "y": {
              "0.0000": 22.4313,
              "0.5236": 12.030081,
              "0.9972": 23.424541,
              "1.0472": 22.4313
            }
          }
        },
        "jointUM3": {
          "rotation": {
            "z": {
              "0.0000": -17.6757,
              "0.5236": -28.077018,
              "0.9972": -16.68245,
              "1.0472": -17.6757
            }
          }
        }
      }
    }
  }
}