{
  "format_version": "1.8.0",
  "animations": {
    "animation.dorpa.dorpa.walk": {
      "loop": "loop",
      "animation_length": 0.6667,
      "bones": {
        "jointFFLLX": {
          "rotation": {
            "y": {
              "0.0000": 2.3171,
              "0.1278": 2.794262,
              "0.2556": 2.57496,
              "0.5723": 2.320992,
              "0.6167": 2.130417,
              "0.6667": 2.3171
            }
          }
        },
        "jointFFRLX": {
          "rotation": {
            "y": {
              "0.0000": 2.3171,
              "0.1278": 2.794262,
              "0.2556": 2.57496,
              "0.5723": 2.320992,
              "0.6167": 2.130417,
              "0.6667": 2.3171
            }
          }
        },
        "jointFLLX": {
          "rotation": {
            "y": {
              "0.0000": -2.3171,
              "0.1278": -2.794262,
              "0.2556": -2.57496,
              "0.5723": -2.320992,
              "0.6167": -2.130417,
              "0.6667": -2.3171
            }
          }
        },
        "jointFRLX": {
          "rotation": {
            "y": {
              "0.0000": -2.3171,
              "0.1278": -2.794262,
              "0.2556": -2.57496,
              "0.5723": -2.320992,
              "0.6167": -2.130417,
              "0.6667": -2.3171
            }
          }
        },
        "jointBLLX": {
          "rotation": {
            "y": {
              "0.0000": 2.3171,
              "0.1278": 2.794262,
              "0.2556": 2.57496,
              "0.5723": 2.320992,
              "0.6167": 2.130417,
              "0.6667": 2.3171
            }
          }
        },
        "jointBRLX": {
          "rotation": {
            "y": {
              "0.0000": 2.3171,
              "0.1278": 2.794262,
              "0.2556": 2.57496,
              "0.5723": 2.320992,
              "0.6167": 2.130417,
              "0.6667": 2.3171
            }
          }
        },
        "jointBBLLX": {
          "rotation": {
            "y": {
              "0.0000": -2.3171,
              "0.1278": -2.794262,
              "0.2556": -2.57496,
              "0.5723": -2.320992,
              "0.6167": -2.130417,
              "0.6667": -2.3171
            }
          }
        },
        "jointBBRLX": {
          "rotation": {
            "y": {
              "0.0000": -2.3171,
              "0.1278": -2.794262,
              "0.2556": -2.57496,
              "0.5723": -2.320992,
              "0.6167": -2.130417,
              "0.6667": -2.3171
            }
          }
        },
        "jointFFLLY": {
          "rotation": {
            "z": {
              "0.0000": 1.5169,
              "0.3333": -1.911023,
              "0.5334": 0.667596,
              "0.6167": 2.03114,
              "0.6667": 1.5169
            }
          }
        },
        "jointFFRLY": {
          "rotation": {
            "z": {
              "0.0000": -1.5169,
              "0.3333": 1.911023,
              "0.5334": -0.667596,
              "0.6167": -2.03114,
              "0.6667": -1.5169
            }
          }
        },
        "jointFLLY": {
          "rotation": {
            "z": {
              "0.0000": -1.5169,
              "0.3333": 1.911023,
              "0.5334": -0.667596,
              "0.6167": -2.03114,
              "0.6667": -1.5169
            }
          }
        },
        "jointFRLY": {
          "rotation": {
            "z": {
              "0.0000": 1.5169,
              "0.3333": -1.911023,
              "0.5334": 0.667596,
              "0.6167": 2.03114,
              "0.6667": 1.5169
            }
          }
        },
        "jointBLLY": {
          "rotation": {
            "z": {
              "0.0000": 1.5169,
              "0.3333": -1.911023,
              "0.5334": 0.667596,
              "0.6167": 2.03114,
              "0.6667": 1.5169
            }
          }
        },
        "jointBRLY": {
          "rotation": {
            "z": {
              "0.0000": -1.5169,
              "0.3333": 1.911023,
              "0.5334": -0.667596,
              "0.6167": -2.03114,
              "0.6667": -1.5169
            }
          }
        },
        "jointBBLLY": {
          "rotation": {
            "z": {
              "0.0000": -1.5169,
              "0.3333": 1.911023,
              "0.5334": -0.667596,
              "0.6167": -2.03114,
              "0.6667": -1.5169
            }
          }
        },
        "jointBBRLY": {
          "rotation": {
            "z": {
              "0.0000": 1.5169,
              "0.3333": -1.911023,
              "0.5334": 0.667596,
              "0.6167": 2.03114,
              "0.6667": 1.5169
            }
          }
        },
        "mainbody": {
          "position": {
            "y": {
              "0.0000": -0.112,
              "0.3945": 0.109408,
              "0.6167": -0.140062,
              "0.6667": -0.112
            }
          }
        }
      }
    },
    "animation.dorpa.dorpa.idle": {
      "loop": "loop",
      "animation_length": 4.0,
      "bones": {
        "jointb1": {
          "rotation": {
            "x": {
              "0.0000": 1.7189,
              "0.1767": -1.64366,
              "0.3731": 1.693219,
              "3.9500": 2.670388,
              "4.0000": 1.7189
            }
          }
        },
        "jointb2": {
          "rotation": {
            "x": {
              "0.0000": 1.7189,
              "0.1767": -1.64366,
              "0.3731": 1.693219,
              "3.9500": 2.670388,
              "4.0000": 1.7189
            }
          }
        }
      }
    },
    "animation.dorpa.dorpa.evolved": {
      "loop": "loop",
      "animation_length": 1.5708,
      "bones": {
        "jointb1": {
          "rotation": {
            "x": {
              "0.0000": 1.7189,
              "0.1505": -1.714006,
              "0.2945": 1.627041,
              "0.4516": -1.699895,
              "0.5890": 1.584844,
              "0.7003": 1.693347,
              "1.5208": 2.8594,
              "1.5708": 1.7189
            }
          }
        },
        "jointb2": {
          "rotation": {
            "x": {
              "0.0000": 1.7189,
              "0.1505": -1.714006,
              "0.2945": 1.627041,
              "0.4516": -1.699895,
              "0.5890": 1.584844,
              "0.7003": 1.693347,
              "1.5208": 2.8594,
              "1.5708": 1.7189
            }
          }
        }
      }
    }
  }
}