{
  "format_version": "1.8.0",
  "animations": {
    "animation.specow.specow.walk": {
      "loop": "loop",
      "animation_length": 1.3334,
      "bones": {
        "jointFLL": {
          "rotation": {
            "x": {
              "0.0000": 14.0375,
              "0.5500": -14.023886,
              "0.6667": 14.0375,
              "0.6750": -11.679498,
              "0.7834": 14.377503,
              "1.2834": 16.588408,
              "1.3334": 14.0375
            }
          }
        },
        "jointFRL": {
          "rotation": {
            "x": {
              "0.0000": -14.0375,
              "0.5500": 14.023886,
              "0.6667": -14.0375,
              "0.6750": 11.679498,
              "0.7834": -14.377503,
              "1.2834": -16.588408,
              "1.3334": -14.0375
            }
          }
        },
        "jointBLL": {
          "rotation": {
            "x": {
              "0.0000": -14.0375,
              "0.5500": 14.023886,
              "0.6667": -14.0375,
              "0.6750": 11.679498,
              "0.7834": -14.377503,
              "1.2834": -16.588408,
              "1.3334": -14.0375
            }
          }
        },
        "jointBRL": {
          "rotation": {
            "x": {
              "0.0000": 14.0375,
              "0.5500": -14.023886,
              "0.6667": 14.0375,
              "0.6750": -11.679498,
              "0.7834": 14.377503,
              "1.2834": 16.588408,
              "1.3334": 14.0375
            }
          }
        },
        "mainbody": {
          "rotation": {
            "x": {
              "0.0000": -7.824,
              "0.3083": 8.297214,
              "0.4167": 11.285272,
              "0.6667": -7.824,
              "0.6750": 11.070743,
              "0.9167": -7.786578,
              "1.0334": -7.224617,
              "1.2751": -10.43812,
              "1.3334": -7.824
            }
          },
          "position": {
            "y": {
              "0.0000": -0.28,
              "0.0583": -0.180194,
              "0.2083": 0.20318,
              "0.2417": 0.256475,
              "0.2750": 0.27969,
              "0.3000": 0.270219,
              "0.3333": 0.219085,
              "0.4750": -0.180877,
              "0.5250": -0.266849,
              "0.5500": -0.287689,
              "0.5834": -0.290324,
              "0.6500": -0.269535,
              "0.6667": -0.28,
              "0.6834": -0.269535,
              "0.7667": -0.291764,
              "0.8084": -0.266849,
              "0.8667": -0.160735,
              "0.9917": 0.206975,
              "1.0251": 0.225673,
              "1.0501": 0.212976,
              "1.0834": 0.167893,
              "1.2751": -0.365544,
              "1.3334": -0.28
            }
          }
        }
      }
    },
    "animation.specow.specow.death": {
      "loop": "loop",
      "animation_length": 4.0,
      "bones": {
        "mainbody": {
          "position": {
            "x": {
              "0.0000": 0.24,
              "0.0667": -0.226959,
              "0.1333": 0.190629,
              "0.2000": -0.1346,
              "0.2333": 0.217296,
              "0.2667": 0.063951,
              "0.3000": -0.2386,
              "0.3667": 0.233858,
              "0.4000": -0.0889,
              "0.4333": -0.205304,
              "0.5000": 0.1553,
              "0.5333": -0.205224,
              "0.5667": -0.088494,
              "0.6000": 0.2344,
              "0.6667": -0.238048,
              "0.7000": 0.0644,
              "0.7333": 0.217197,
              "0.7667": -0.134387,
              "0.8333": 0.190829,
              "0.9000": -0.2275,
              "0.9667": 0.239534,
              "1.0333": -0.226859,
              "1.1000": 0.1909,
              "1.1667": -0.133887,
              "1.2000": 0.218,
              "1.2333": 0.063753,
              "1.2667": -0.238048,
              "1.3333": 0.233861,
              "1.4000": -0.2054,
              "1.4667": 0.154461,
              "1.5000": -0.2059,
              "1.5333": -0.088196,
              "1.5667": 0.233958,
              "1.6333": -0.237948,
              "1.6667": 0.064551,
              "1.7000": 0.2176,
              "1.7333": -0.134586,
              "1.8000": 0.1914,
              "1.8667": -0.227158,
              "1.9333": 0.239534,
              "2.0000": -0.2272,
              "2.0667": 0.19033,
              "2.1333": -0.133688,
              "2.1667": 0.217596,
              "2.2000": 0.0636,
              "2.2333": -0.238163,
              "2.3000": 0.2342,
              "2.3667": -0.204902,
              "2.4333": 0.154262,
              "2.4667": -0.205524,
              "2.5000": -0.0881,
              "2.5333": 0.233957,
              "2.6000": -0.2385,
              "2.6333": 0.064849,
              "2.6667": 0.216997,
              "2.7000": -0.1353,
              "2.7667": 0.191228,
              "2.8333": -0.227258,
              "2.9000": 0.24,
              "2.9667": -0.226759,
              "3.0333": 0.19013,
              "3.1000": -0.1339,
              "3.1333": 0.217695,
              "3.1667": 0.063153,
              "3.2000": -0.2387,
              "3.2667": -0.249005,
              "3.3333": -0.165157,
              "3.4000": -0.012447,
              "3.6000": 0.602444,
              "3.6667": 0.774664,
              "3.7333": 0.88773,
              "3.8000": 0.916438,
              "3.8667": 0.834981,
              "3.9333": 0.590044,
              "4.0000": 0.24
            },
            "z": {
              "0.0000": -0.32,
              "0.0667": 0.317269,
              "0.1333": -0.310981,
              "0.2000": 0.3012,
              "0.2333": 0.125066,
              "0.2667": -0.286262,
              "0.3000": -0.1582,
              "0.3333": 0.268095,
              "0.3667": 0.188744,
              "0.4000": -0.2469,
              "0.4333": -0.2172,
              "0.5000": 0.2429,
              "0.5333": -0.193635,
              "0.5667": -0.264702,
              "0.6000": 0.1636,
              "0.6333": 0.283468,
              "0.6667": -0.130655,
              "0.7000": -0.299,
              "0.7333": 0.096418,
              "0.7667": 0.309575,
              "0.8333": -0.31647,
              "0.9000": 0.3199,
              "0.9667": -0.317867,
              "1.0333": 0.312279,
              "1.1000": -0.3032,
              "1.1667": 0.289069,
              "1.2000": 0.1528,
              "1.2333": -0.271389,
              "1.2667": -0.183754,
              "1.3000": 0.2508,
              "1.3333": 0.212713,
              "1.4000": -0.2389,
              "1.4667": 0.261022,
              "1.5000": -0.1688,
              "1.5333": -0.280573,
              "1.5667": 0.136245,
              "1.6000": 0.2968,
              "1.6333": -0.102307,
              "1.6667": -0.307921,
              "1.7000": 0.067,
              "1.7333": 0.315635,
              "1.8000": -0.3198,
              "1.8667": 0.318466,
              "1.9333": -0.313576,
              "2.0000": 0.3051,
              "2.0667": -0.29142,
              "2.1333": 0.274722,
              "2.1667": 0.178663,
              "2.2000": -0.2546,
              "2.2333": -0.208026,
              "2.3000": 0.2347,
              "2.3667": -0.257587,
              "2.4333": 0.277415,
              "2.4667": -0.141834,
              "2.5000": -0.2944,
              "2.5333": 0.108096,
              "2.5667": 0.306224,
              "2.6000": -0.073,
              "2.6333": -0.314609,
              "2.7000": 0.3195,
              "2.7667": -0.318865,
              "2.8333": 0.314674,
              "2.9667": -0.901917,
              "3.1000": -1.825676,
              "3.1667": -2.181588,
              "3.2667": -2.580206,
              "3.3333": -2.754731,
              "3.4000": -2.85575,
              "3.4333": -2.878314,
              "3.4667": -2.882178,
              "3.5000": -2.867224,
              "3.5333": -2.833389,