{
  "format_version": "1.8.0",
  "animations": {
    "animation.infvillagerhead.infvillagerhead.walk": {
      "loop": "loop",
      "animation_length": 0.6667,
      "bones": {
        "jointFLLX": {
          "rotation": {
            "y": {
              "0.0000": -4.1273,
              "0.0500": -4.2098,
              "0.2000": -3.2079,
              "0.5723": -3.85148,
              "0.6667": -4.1273
            }
          }
        },
        "jointFRLX": {
          "rotation": {
            "y": {
              "0.0000": -4.1273,
              "0.0500": -4.2098,
              "0.2000": -3.2079,
              "0.5723": -3.85148,
              "0.6667": -4.1273
            }
          }
        },
        "jointMLLX": {
          "rotation": {
            "y": {
              "0.0000": 4.1273,
              "0.0500": 4.2098,
              "0.2000": 3.2079,
              "0.5723": 3.85148,
              "0.6667": 4.1273
            }
          }
        },
        "jointMRLX": {
          "rotation": {
            "y": {
              "0.0000": 4.1273,
              "0.0500": 4.2098,
              "0.2000": 3.2079,
              "0.5723": 3.85148,
              "0.6667": 4.1273
            }
          }
        },
        "jointBLLX": {
          "rotation": {
            "y": {
              "0.0000": -4.1273,
              "0.0500": -4.2098,
              "0.2000": -3.2079,
              "0.5723": -3.85148,
              "0.6667": -4.1273
            }
          }
        },
        "jointBRLX": {
          "rotation": {
            "y": {
              "0.0000": -4.1273,
              "0.0500": -4.2098,
              "0.2000": -3.2079,
              "0.5723": -3.85148,
              "0.6667": -4.1273
            }
          }
        },
        "jointFLLY": {
          "rotation": {
            "z": {
              "0.0000": -1.5169,
              "0.4667": 2.806189,
              "0.6167": -1.980055,
              "0.6667": -1.5169
            }
          }
        },
        "jointFRLY": {
          "rotation": {
            "z": {
              "0.0000": 1.5169,
              "0.4667": -2.806189,
              "0.6167": 1.980055,
              "0.6667": 1.5169
            }
          }
        },
        "jointMLLY": {
          "rotation": {
            "z": {
              "0.0000": 1.5169,
              "0.4667": -2.806189,
              "0.6167": 1.980055,
              "0.6667": 1.5169
            }
          }
        },
        "jointMRLY": {
          "rotation": {
            "z": {
              "0.0000": -1.5169,
              "0.4667": 2.806189,
              "0.6167": -1.980055,
              "0.6667": -1.5169
            }
          }
        },
        "jointBLLY": {
          "rotation": {
            "z": {
              "0.0000": -1.5169,
              "0.4667": 2.806189,
              "0.6167": -1.980055,
              "0.6667": -1.5169
            }
          }
        },
        "jointBRLY": {
          "rotation": {
            "z": {
              "0.0000": 1.5169,
              "0.4667": -2.806189,
              "0.6167": 1.980055,
              "0.6667": 1.5169
            }
          }
        },
        "mainbody": {
          "position": {
            "y": {
              "0.0000": -0.112,
              "0.3445": 0.109491,
              "0.6167": -0.144147,
              "0.6667": -0.112
            }
          }
        }
      }
    },
    "animation.infvillagerhead.infvillagerhead.sleeping": {
      "loop": "loop",
      "animation_length": 0.5,
      "bones": {
        "jointFLLY": {
          "rotation": {
            "z": {
              "0.0000": -45.8366,
              "0.1750": -0.0008,
              "0.3292": -43.801374,
              "0.4417": -58.932543,
              "0.5000": -45.8366
            }
          }
        },
        "jointFRLY": {
          "rotation": {
            "z": {
              "0.0000": -45.8366,
              "0.1750": -0.0008,
              "0.3292": -43.801374,
              "0.4417": -58.932543,
              "0.5000": -45.8366
            }
          }
        },
        "jointFLL1": {
          "rotation": {
            "z": {
              "0.0000": -40.107,
              "0.1750": -17.1891,
              "0.3292": -39.089436,
              "0.4417": -46.654971,
              "0.5000": -40.107
            }
          }
        },
        "jointFRL1": {
          "rotation": {
            "z": {
              "0.0000": -40.107,
              "0.1750": -17.1891,
              "0.3292": -39.089436,
              "0.4417": -46.654971,
              "0.5000": -40.107
            }
          }
        },
        "jointMLLY": {
          "rotation": {
            "z": {
              "0.0000": -5.7296,
              "0.1750": -51.5654,
              "0.3292": -7.764826,
              "0.4417": 7.366343,
              "0.5000": -5.7296
            }
          }
        },
        "jointMRLY": {
          "rotation": {
            "z": {
              "0.0000": -5.7296,
              "0.1750": -51.5654,
              "0.3292": -7.764826,
              "0.4417": 7.366343,
              "0.5000": -5.7296
            }
          }
        },
        "jointBLLY": {
          "rotation": {
            "z": {
              "0.0000": -27.502,
              "0.1750": 27.501,
              "0.3292": -25.059631,
              "0.4417": -43.217143,
              "0.5000": -27.502
            }
          }
        },
        "jointBRLY": {
          "rotation": {
            "z": {
              "0.0000": -27.502,
              "0.1750": 27.501,
              "0.3292": -25.059631,
              "0.4417": -43.217143,
              "0.5000": -27.502
            }
          }
        }
      }
    }
  }
}