{
  "format_version": "1.8.0",
  "animations": {
    "animation.infhuman.infhuman.walk": {
      "loop": "loop",
      "animation_length": 0.6667,
      "bones": {
        "jointLL": {
          "rotation": {
            "x": {
              "0.0000": 7.8029,
              "0.3778": -3.009172,
              "0.6167": 9.233825,
              "0.6667": 7.8029
            }
          }
        },
        "jointRL": {
          "rotation": {
            "x": {
              "0.0000": 0.2185,
              "0.3778": 11.030572,
              "0.6167": -1.212425,
              "0.6667": 0.2185
            }
          }
        },
        "jointLA": {
          "rotation": {
            "x": {
              "0.0000": -7.0187,
              "0.2833": 0.220554,
              "0.5500": 2.210406,
              "0.6167": -8.296366,
              "0.6667": -7.0187
            },
            "y": {
              "0.0000": 10.3545,
              "0.2833": 24.745031,
              "0.5834": 7.772218,
              "0.6167": 7.814696,
              "0.6667": 10.3545
            }
          }
        },
        "jointRA": {
          "rotation": {
            "x": {
              "0.0000": 7.0187,
              "0.2833": -0.220554,
              "0.5500": -2.210406,
              "0.6167": 8.296366,
              "0.6667": 7.0187
            },
            "y": {
              "0.0000": -21.7312,
              "0.2833": -7.340686,
              "0.5834": -24.313406,
              "0.6167": -24.271001,
              "0.6667": -21.7312
            }
          }
        },
        "mainbody": {
          "rotation": {
            "z": {
              "0.0000": -0.7019,
              "0.4167": 0.7019,
              "0.6167": -0.870343,
              "0.6667": -0.7019
            }
          },
          "position": {
            "y": {
              "0.0000": -0.28,
              "0.2778": 0.279682,
              "0.5111": -0.254683,
              "0.6611": -0.285364,
              "0.6667": -0.28
            }
          }
        },
        "jointLL1": {
          "rotation": {
            "x": {
              "0.0000": 9.0241,
              "0.4167": -5.012279,
              "0.6167": 10.708331,
              "0.6667": 9.0241
            }
          }
        },
        "jointRL1": {
          "rotation": {
            "x": {
              "0.0000": -5.0134,
              "0.4167": 9.022979,
              "0.6167": -6.697631,
              "0.6667": -5.0134
            }
          }
        },
        "jointLA1": {
          "rotation": {
            "y": {
              "0.0000": -11.0294,
              "0.4167": 3.006879,
              "0.6167": -12.713619,
              "0.6667": -11.0294
            }
          }
        },
        "jointRA1": {
          "rotation": {
            "y": {
              "0.0000": -3.008,
              "0.4167": 11.028279,
              "0.6167": -4.692219,
              "0.6667": -3.008
            }
          }
        },
        "jointLAC1": {
          "rotation": {
            "z": {
              "0.0000": 7.0187,
              "0.2778": -7.010769,
              "0.5167": 6.578432,
              "0.6167": 9.543802,
              "0.6667": 7.0187
            }
          }
        },
        "jointLAC2": {
          "rotation": {
            "z": {
              "0.0000": 7.0187,
              "0.2778": -7.010769,
              "0.5167": 6.578432,
              "0.6167": 9.543802,
              "0.6667": 7.0187
            }
          }
        },
        "jointRAC1": {
          "rotation": {
            "z": {
              "0.0000": -7.0187,
              "0.3333": 7.014514,
              "0.6167": -9.123893,
              "0.6667": -7.0187
            }
          }
        },
        "jointRAC2": {
          "rotation": {
            "z": {
              "0.0000": -7.0187,
              "0.3333": 7.014514,
              "0.6167": -9.123893,
              "0.6667": -7.0187
            }
          }
        }
      }
    },
    "animation.infhuman.infhuman.idle": {
      "loop": "loop",
      "animation_length": 4.0,
      "bones": {
        "jointLA": {
          "rotation": {
            "x": {
              "0.0000": -11.4592,
              "0.2000": -10.3481,
              "0.3000": -9.0103,
              "1.0333": 7.58346,
              "1.1333": 9.288703,
              "1.4000": 11.4527,
              "1.5667": 10.816483,
              "1.7667": 8.142988,
              "2.5000": -8.5147,
              "2.6667": -10.711503,
              "2.7333": -11.194747,
              "2.8333": -11.458683,
              "3.0333": -10.927947,
              "3.6333": -12.016129,
              "3.9500": -11.736975,
              "4.0000": -11.4592
            },
            "z": {
              "0.0000": 2.8648,
              "0.2000": 2.2124,
              "0.6667": -1.897133,
              "0.9000": -2.862,
              "1.0333": -2.621379,
              "1.1333": -2.077684,
              "1.5667": 1.801369,
              "1.7667": 2.806243,
              "1.8667": 2.835872,
              "2.0000": 2.3631,
              "2.5000": -1.9549,
              "2.6667": -2.778379,
              "2.7333": -2.864307,
              "2.8333": -2.712379,
              "2.9667": -1.962045,
              "3.6333": 2.485841,
              "3.9500": 3.0279,
              "4.0000": 2.8648
            }
          }
        },
        "jointRA": {
          "rotation": {
            "x": {
              "0.0000": 11.4592,
              "0.2000": 10.3481,
              "0.3000": 9.0103,
              "1.0333": -7.58346,
              "1.1333": -9.288703,
              "1.4000": -11.4527,
              "1.5667": -10.816483,
              "1.7667": -8.142988,
              "2.5000": 8.5147,
              "2.6667": 10.711503,
              "2.7333": 11.194747,
              "2.8333": 11.458683,
              "3.0333": 10.927947,
              "3.6333": 12.016129,
              "3.9500": 11.736975,
              "4.0000": 11.4592
            },
            "z": {
              "0.0000": -2.8648,
              "0.2000": -2.2124,
              "0.6667": 1.897133,
              "0.9000": 2.862,
              "1.0333": 2.621379,
              "1.1333": 2.077684,
              "1.5667": -1.801369,
              "1.7667": -2.806243,
              "1.8667": -2.835872,
              "2.0000": -2.3631,
              "2.5000": 1.9549,
              "2.6667": 2.778379,
              "2.7333": 2.864307,
              "2.8333": 2.712379,
              "2.9667": 1.962045,
              "3.6333": -2.485841,
              "3.9500": -3.0279,
              "4.0000": -2.8648
            }
          }
        },
        "jointLAC1": {
          "rotation": {
            "z": {
              "0.0000": -5.7296,
              "0.2000": -3.9918,
              "0.6000": 4.225,
              "0.8000": 5.7198,
              "1.5333": -5.664701,
              "1.7333": -4.560215,
              "2.1667": 4.160092,
              "2.3667": 5.724067,
              "2.5333": 4.350162,
              "3.1333": -5.749197,
              "3.2333": -6.665544,
              "3.6000": -7.798352,
              "3.9500": -6.16405,
              "4.0000": -5.7296
            }
          }
        },
        "jointLAC2": {
          "rotation": {
            "z": {
              "0.0000": 5.7296,
              "0.2000": 3.9918,
              "0.6000": -4.225,
              "0.8000": -5.7198,
              "1.5333": 5.664701,
              "1.7333": 4.560215,
              "2.1667": -4.160092,
              "2.3667": -5.724067,
              "2.5333": -4.350162,
              "3.1333": 5.749197,
              "3.2333": 6.665544,
              "3.6000": 7.798352,
              "3.9500": 6.16405,
              "4.0000": 5.7296
            }
          }
        },
        "jointRAC1": {
          "rotation": {
            "z": {
              "0.0000": -5.7296,
              "0.2000": -3.9918,