{
  "format_version": "1.8.0",
  "animations": {
    "animation.spevillager.spevillager.walk": {
      "loop": "loop",
      "animation_length": 0.6667,
      "bones": {
        "jointLL": {
          "rotation": {
            "x": {
              "0.0000": 7.8029,
              "0.3778": -3.009172,
              "0.6167": 9.233825,
              "0.6667": 7.8029
            }
          }
        },
        "jointRL": {
          "rotation": {
            "x": {
              "0.0000": 0.2185,
              "0.3778": 11.030572,
              "0.6167": -1.212425,
              "0.6667": 0.2185
            }
          }
        },
        "jointLA": {
          "rotation": {
            "x": {
              "0.0000": -7.0187,
              "0.1333": -5.117023,
              "0.3778": 3.779599,
              "0.5500": 2.901591,
              "0.6167": -7.732007,
              "0.6667": -7.0187
            },
            "y": {
              "0.0000": 11.6616,
              "0.1333": 6.644949,
              "0.3778": 28.441067,
              "0.5500": 13.875863,
              "0.6167": 13.543315,
              "0.6667": 11.6616
            }
          }
        },
        "jointRA": {
          "rotation": {
            "x": {
              "0.0000": 7.0187,
              "0.1333": 5.117023,
              "0.3778": -3.779599,
              "0.5500": -2.901591,
              "0.6167": 7.732007,
              "0.6667": 7.0187
            },
            "y": {
              "0.0000": -20.4241,
              "0.1333": -25.440663,
              "0.3778": -3.644585,
              "0.5500": -18.209782,
              "0.6167": -18.542418,
              "0.6667": -20.4241
            }
          }
        },
        "mainbody": {
          "position": {
            "y": {
              "0.0000": -0.28,
              "0.2778": 0.279682,
              "0.5111": -0.254683,
              "0.6611": -0.285364,
              "0.6667": -0.28
            }
          }
        },
        "jointLL1": {
          "rotation": {
            "x": {
              "0.0000": 11.0294,
              "0.4167": -3.006879,
              "0.6167": 12.713619,
              "0.6667": 11.0294
            }
          }
        },
        "jointRL1": {
          "rotation": {
            "x": {
              "0.0000": -3.008,
              "0.4167": 11.028279,
              "0.6167": -4.692219,
              "0.6667": -3.008
            }
          }
        }
      }
    },
    "animation.spevillager.spevillager.idle": {
      "loop": "loop",
      "animation_length": 4.0,
      "bones": {
        "jointLA": {
          "rotation": {
            "x": {
              "0.0000": -11.4592,
              "0.2000": -10.3481,
              "0.3000": -9.0103,
              "1.0333": 7.58346,
              "1.1333": 9.288703,
              "1.4000": 11.4527,
              "1.5667": 10.816483,
              "1.7667": 8.142988,
              "2.5000": -8.5147,
              "2.6667": -10.711503,
              "2.7333": -11.194747,
              "2.8333": -11.458683,
              "3.0333": -10.927947,
              "3.6333": -12.016129,
              "3.9500": -11.736975,
              "4.0000": -11.4592
            },
            "z": {
              "0.0000": 2.8648,
              "0.2000": 2.2124,
              "0.6667": -1.897133,
              "0.9000": -2.862,
              "1.0333": -2.621379,
              "1.1333": -2.077684,
              "1.5667": 1.801369,
              "1.7667": 2.806243,
              "1.8667": 2.835872,
              "2.0000": 2.3631,
              "2.5000": -1.9549,
              "2.6667": -2.778379,
              "2.7333": -2.864307,
              "2.8333": -2.712379,
              "2.9667": -1.962045,
              "3.6333": 2.485841,
              "3.9500": 3.0279,
              "4.0000": 2.8648
            }
          }
        },
        "jointRA": {
          "rotation": {
            "x": {
              "0.0000": 11.4592,
              "0.2000": 10.3481,
              "0.3000": 9.0103,
              "1.0333": -7.58346,
              "1.1333": -9.288703,
              "1.4000": -11.4527,
              "1.5667": -10.816483,
              "1.7667": -8.142988,
              "2.5000": 8.5147,
              "2.6667": 10.711503,
              "2.7333": 11.194747,
              "2.8333": 11.458683,
              "3.0333": 10.927947,
              "3.6333": 12.016129,
              "3.9500": 11.736975,
              "4.0000": 11.4592
            },
            "z": {
              "0.0000": -2.8648,
              "0.2000": -2.2124,
              "0.6667": 1.897133,
              "0.9000": 2.862,
              "1.0333": 2.621379,
              "1.1333": 2.077684,
              "1.5667": -1.801369,
              "1.7667": -2.806243,
              "1.8667": -2.835872,
              "2.0000": -2.3631,
              "2.5000": 1.9549,
              "2.6667": 2.778379,
              "2.7333": 2.864307,
              "2.8333": 2.712379,
              "2.9667": 1.962045,
              "3.6333": -2.485841,
              "3.9500": -3.0279,
              "4.0000": -2.8648
            }
          }
        }
      }
    },
    "animation.spevillager.spevillager.evolved": {
      "loop": "loop",
      "animation_length": 4.0,
      "bones": {
        "jointLA": {
          "rotation": {
            "x": {
              "0.0000": -11.4592,
              "0.2000": -10.3481,
              "0.3000": -9.0103,
              "1.0333": 7.58346,
              "1.1333": 9.288703,
              "1.4000": 11.4527,
              "1.5667": 10.816483,
              "1.7667": 8.142988,
              "2.5000": -8.5147,
              "2.6667": -10.711503,
              "2.7333": -11.194747,
              "2.8333": -11.458683,
              "3.0333": -10.927947,
              "3.6333": -12.016129,
              "3.9500": -11.736975,
              "4.0000": -11.4592
            },
            "z": {
              "0.0000": 2.8648,
              "0.2000": 2.2124,
              "0.6667": -1.897133,
              "0.9000": -2.862,
              "1.0333": -2.621379,
              "1.1333": -2.077684,
              "1.5667": 1.801369,
              "1.7667": 2.806243,
              "1.8667": 2.835872,
              "2.0000": 2.3631,
              "2.5000": -1.9549,
              "2.6667": -2.778379,
              "2.7333": -2.864307,
              "2.8333": -2.712379,
              "2.9667": -1.962045,
              "3.6333": 2.485841,
              "3.9500": 3.0279,
              "4.0000": 2.8648
            }
          }
        },
        "jointRA": {
          "rotation": {
            "x": {
              "0.0000": 11.4592,
              "0.2000": 10.3481,
              "0.3000": 9.0103,
              "1.0333": -7.58346,
              "1.1333": -9.288703,
              "1.4000": -11.4527,
              "1.5667": -10.816483,
              "1.7667": -8.142988,
              "2.5000": 8.5147,
              "2.6667": 10.711503,
              "2.7333": 11.194747,
              "2.8333": 11.458683,
              "3.0333": 10.927947,
              "3.6333": 12.016129,
              "3.9500": 11.736975,
              "4.0000": 11.4592
            },
            "z": {
              "0.0000": -2.8648,
              "0.2000": -2.2124,
              "0.6667": 1.897133,
              "0.9000": 2.862,
              "1.0333": 2.621379,
              "1.1333": 2.077684,
              "1.5667": -1.801369,
              "1.7667": -2.806243,
              "1.8667": -2.835872,
              "2.0000": -2.3631,
              "2.5000": 1.9549,
              "2.6667": 2.778379,
              "2.7333": 2.864307,
              "2.8333": 2.712379,
              "2.9667": 1.962045,
              "3.6333": -2.485841,
              "3.9500": -3.0279,
              "4.0000": -2.8648
            }
          }
        },
        "jointM": {
          "rotation": {
            "x": {
              "0.0000": 22.9183,