{
  "format_version": "1.8.0",
  "animations": {
    "animation.tendrilesor.tendrilesor.idle": {
      "loop": "loop",
      "animation_length": 4.0,
      "bones": {
        "taclejointLA1": {
          "rotation": {
            "x": {
              "0.0000": 0.0,
              "0.7333": 8.831822,
              "1.0333": 10.837746,
              "1.3333": 11.454137,
              "1.6333": 10.601942,
              "1.9667": 8.072124,
              "3.4333": 0.099447,
              "3.9500": -0.602197,
              "4.0000": 0.0
            }
          }
        },
        "taclejointLA2": {
          "rotation": {
            "x": {
              "0.0000": 17.0058,
              "0.2667": 14.921944,
              "0.5333": 10.782696,
              "1.6333": -13.047177,
              "1.9000": -16.23,
              "2.1333": -17.187805,
              "2.4333": -15.756383,
              "2.7667": -10.981226,
              "3.7333": 15.678381,
              "3.9500": 17.396474,
              "4.0000": 17.0058
            }
          }
        },
        "taclejointLA3": {
          "rotation": {
            "x": {
              "0.0000": -17.3446,
              "0.2667": -21.17625,
              "0.5000": -22.7737,
              "0.6000": -22.9176,
              "0.7333": -22.596887,
              "1.0000": -20.2473,
              "1.4333": -12.23547,
              "2.5333": 15.735578,
              "2.8667": 20.98197,
              "3.2000": 22.9161,
              "3.4000": 17.327199,
              "3.8000": -9.383138,
              "3.9500": -16.626255,
              "4.0000": -17.3446
            }
          }
        }
      }
    }
  }
}