{
  "format_version": "1.8.0",
  "animations": {
    "animation.hull.hull.walk": {
      "loop": "loop",
      "animation_length": 0.6667,
      "bones": {
        "jointFLL": {
          "rotation": {
            "x": {
              "0.0000": 4.2112,
              "0.2389": 3.102297,
              "0.6167": 4.443285,
              "0.6667": 4.2112
            }
          }
        },
        "jointFRL": {
          "rotation": {
            "x": {
              "0.0000": -4.2112,
              "0.2389": -3.102297,
              "0.6167": -4.443285,
              "0.6667": -4.2112
            }
          }
        },
        "jointBLL": {
          "rotation": {
            "x": {
              "0.0000": -4.2112,
              "0.2389": -3.102297,
              "0.6167": -4.443285,
              "0.6667": -4.2112
            }
          }
        },
        "jointBRL": {
          "rotation": {
            "x": {
              "0.0000": 4.2112,
              "0.2389": 3.102297,
              "0.6167": 4.443285,
              "0.6667": 4.2112
            }
          }
        },
        "mainbody": {
          "rotation": {
            "x": {
              "0.0000": -1.1736,
              "0.5667": 0.060996,
              "0.6167": -1.282529,
              "0.6667": -1.1736
            }
          },
          "position": {
            "y": {
              "0.0000": -0.224,
              "0.5056": 0.200335,
              "0.6167": -0.265964,
              "0.6667": -0.224
            }
          }
        }
      }
    }
  }
}