{
  "format_version": "1.8.0",
  "animations": {
    "animation.omboo.omboo.idle": {
      "loop": "loop",
      "animation_length": 4.0,
      "bones": {
        "taclejointFL1": {
          "rotation": {
            "z": {
              "0.0000": -0.0,
              "0.7333": -4.415911,
              "1.0333": -5.418823,
              "1.3333": -5.727019,
              "1.6333": -5.301021,
              "1.9667": -4.036062,
              "3.4333": -0.049724,
              "3.9500": 0.301099,
              "4.0000": -0.0
            }
          }
        },
        "taclejointFL2": {
          "rotation": {
            "x": {
              "0.0000": 0.0,
              "0.7333": 4.415911,
              "1.0333": 5.418823,
              "1.3333": 5.727019,
              "1.6333": 5.301021,
              "1.9667": 4.036062,
              "3.4333": 0.049724,
              "3.9500": -0.301099,
              "4.0000": 0.0
            }
          }
        },
        "taclejointFL3": {
          "rotation": {
            "x": {
              "0.0000": 0.0,
              "0.7333": 4.415911,
              "1.0333": 5.418823,
              "1.3333": 5.727019,
              "1.6333": 5.301021,
              "1.9667": 4.036062,
              "3.4333": 0.049724,
              "3.9500": -0.301099,
              "4.0000": 0.0
            }
          }
        },
        "taclejointFL4": {
          "rotation": {
            "x": {
              "0.0000": 0.0,
              "0.7333": 4.415911,
              "1.0333": 5.418823,
              "1.3333": 5.727019,
              "1.6333": 5.301021,
              "1.9667": 4.036062,
              "3.4333": 0.049724,
              "3.9500": -0.301099,
              "4.0000": 0.0
            }
          }
        },
        "taclejointBL1": {
          "rotation": {
            "z": {
              "0.0000": -5.6686,
              "0.4000": -5.1186,
              "0.8333": -3.93935,
              "2.5667": 3.368865,
              "3.0000": 4.339582,
              "3.9500": -5.73735,
              "4.0000": -5.6686
            }
          }
        },
        "taclejointBL2": {
          "rotation": {
            "x": {
              "0.0000": 5.6686,
              "0.4000": 5.1186,
              "0.8333": 3.93935,
              "2.5667": -3.368865,
              "3.0000": -4.339582,
              "3.9500": 5.73735,
              "4.0000": 5.6686
            }
          }
        },
        "taclejointBL3": {
          "rotation": {
            "x": {
              "0.0000": 5.6686,
              "0.4000": 5.1186,
              "0.8333": 3.93935,
              "2.5667": -3.368865,
              "3.0000": -4.339582,
              "3.9500": 5.73735,
              "4.0000": 5.6686
            }
          }
        },
        "taclejointBL4": {
          "rotation": {
            "x": {
              "0.0000": 5.6686,
              "0.4000": 5.1186,
              "0.8333": 3.93935,
              "2.5667": -3.368865,
              "3.0000": -4.339582,
              "3.9500": 5.73735,
              "4.0000": 5.6686
            }
          }
        },
        "taclejointFR1": {
          "rotation": {
            "z": {
              "0.0000": 0.0,
              "0.7333": 4.415911,
              "1.0333": 5.418823,
              "1.3333": 5.727019,
              "1.6333": 5.301021,
              "1.9667": 4.036062,
              "3.4333": 0.049724,
              "3.9500": -0.301099,
              "4.0000": 0.0
            }
          }
        },
        "taclejointFR2": {
          "rotation": {
            "x": {
              "0.0000": -0.0,
              "0.7333": -4.415911,
              "1.0333": -5.418823,
              "1.3333": -5.727019,
              "1.6333": -5.301021,
              "1.9667": -4.036062,
              "3.4333": -0.049724,
              "3.9500": 0.301099,
              "4.0000": -0.0
            }
          }
        },
        "taclejointFR3": {
          "rotation": {
            "x": {
              "0.0000": -0.0,
              "0.7333": -4.415911,
              "1.0333": -5.418823,
              "1.3333": -5.727019,
              "1.6333": -5.301021,
              "1.9667": -4.036062,
              "3.4333": -0.049724,
              "3.9500": 0.301099,
              "4.0000": -0.0
            }
          }
        },
        "taclejointFR4": {
          "rotation": {
            "x": {
              "0.0000": -0.0,
              "0.7333": -4.415911,
              "1.0333": -5.418823,
              "1.3333": -5.727019,
              "1.6333": -5.301021,
              "1.9667": -4.036062,
              "3.4333": -0.049724,
              "3.9500": 0.301099,
              "4.0000": -0.0
            }
          }
        },
        "taclejointBR1": {
          "rotation": {
            "z": {
              "0.0000": 5.6686,
              "0.4000": 5.1186,
              "0.8333": 3.93935,
              "2.5667": -3.368865,
              "3.0000": -4.339582,
              "3.9500": 5.73735,
              "4.0000": 5.6686
            }
          }
        },
        "taclejointBR2": {
          "rotation": {
            "x": {
              "0.0000": -5.6686,
              "0.4000": -5.1186,
              "0.8333": -3.93935,
              "2.5667": 3.368865,
              "3.0000": 4.339582,
              "3.9500": -5.73735,
              "4.0000": -5.6686
            }
          }
        },
        "taclejointBR3": {
          "rotation": {
            "x": {
              "0.0000": -5.6686,
              "0.4000": -5.1186,
              "0.8333": -3.93935,
              "2.5667": 3.368865,
              "3.0000": 4.339582,
              "3.9500": -5.73735,
              "4.0000": -5.6686
            }
          }
        },
        "taclejointBR4": {
          "rotation": {
            "x": {
              "0.0000": -5.6686,
              "0.4000": -5.1186,
              "0.8333": -3.93935,
              "2.5667": 3.368865,
              "3.0000": 4.339582,
              "3.9500": -5.73735,
              "4.0000": -5.6686
            }
          }
        },
        "jointLW": {
          "rotation": {
            "z": {
              "0.0000": 4.3362,
              "0.3333": 5.693252,
              "0.5000": 5.629,
              "0.6667": 5.061621,
              "1.7000": -4.0165,
              "1.9333": -5.333478,
              "2.1333": -5.728868,
              "2.3667": -5.26367,
              "2.6000": -3.8836,
              "3.5000": 2.491069,
              "4.0000": 4.3362
            }
          }
        },
        "jointRW": {
          "rotation": {
            "z": {
              "0.0000": -4.3362,
              "0.3333": -5.693252,
              "0.5000": -5.629,
              "0.6667": -5.061621,
              "1.7000": 4.0165,
              "1.9333": 5.333478,
              "2.1333": 5.728868,
              "2.3667": 5.26367,
              "2.6000": 3.8836,
              "3.5000": -2.491069,
              "4.0000": -4.3362
            }
          }
        }
      }
    }
  }
}