{
  "format_version": "1.8.0",
  "animations": {
    "animation.anged.anged.walk": {
      "loop": "loop",
      "animation_length": 0.6667,
      "bones": {
        "jointBL1": {
          "rotation": {
            "x": {
              "0.0000": 1.0618,
              "0.4500": -1.964854,
              "0.6167": 1.398095,
              "0.6667": 1.0618
            }
          }
        },
        "mainbody": {
          "rotation": {
            "x": {
              "0.0000": 1.9652,
              "0.5667": 0.189244,
              "0.6167": 2.121893,
              "0.6667": 1.9652
            }
          },
          "position": {
            "y": {
              "0.0000": -1.12,
              "0.5667": -0.107865,
              "0.6167": -1.209301,
              "0.6667": -1.12
            }
          }
        },
        "jointFLLX": {
          "rotation": {
            "y": {
              "0.0000": -8.434,
              "0.1389": -7.245159,
              "0.2056": -7.079574,
              "0.5778": -8.315569,
              "0.6167": -8.861949,
              "0.6667": -8.434
            }
          }
        },
        "jointFRLX": {
          "rotation": {
            "y": {
              "0.0000": 8.434,
              "0.1389": 7.245159,
              "0.2056": 7.079574,
              "0.5778": 8.315569,
              "0.6167": 8.861949,
              "0.6667": 8.434
            }
          }
        },
        "jointFLLY": {
          "rotation": {
            "z": {
              "0.0000": -3.0182,
              "0.5556": 0.679634,
              "0.6167": -3.350978,
              "0.6667": -3.0182
            }
          }
        },
        "jointFLL1": {
          "rotation": {
            "z": {
              "0.0000": -0.9826,
              "0.5667": -0.094622,
              "0.6167": -1.060946,
              "0.6667": -0.9826
            }
          }
        },
        "jointFLL2": {
          "rotation": {
            "z": {
              "0.0000": -0.9826,
              "0.5667": -0.094622,
              "0.6167": -1.060946,
              "0.6667": -0.9826
            }
          }
        },
        "jointFRLY": {
          "rotation": {
            "z": {
              "0.0000": -3.0182,
              "0.1111": -3.4382,
              "0.2278": -2.8892,
              "0.6167": -2.829181,
              "0.6667": -3.0182
            }
          }
        },
        "jointFRL1": {
          "rotation": {
            "z": {
              "0.0000": -0.9826,
              "0.5667": -0.094622,
              "0.6167": -1.060946,
              "0.6667": -0.9826
            }
          }
        },
        "jointFRL2": {
          "rotation": {
            "z": {
              "0.0000": -0.9826,
              "0.5667": -0.094622,
              "0.6167": -1.060946,
              "0.6667": -0.9826
            }
          }
        },
        "jointBL2": {
          "rotation": {
            "z": {
              "0.0000": -1.0618,
              "0.1389": -1.854394,
              "0.2056": -1.964784,
              "0.5778": -1.140757,
              "0.6167": -0.776489,
              "0.6667": -1.0618
            }
          }
        },
        "jointBL3": {
          "rotation": {
            "z": {
              "0.0000": -1.0618,
              "0.1389": -1.854394,
              "0.2056": -1.964784,
              "0.5778": -1.140757,
              "0.6167": -0.776489,
              "0.6667": -1.0618
            }
          }
        },
        "jointBL4": {
          "rotation": {
            "z": {
              "0.0000": -2.9479,
              "0.5667": -0.283871,
              "0.6167": -3.182948,
              "0.6667": -2.9479
            }
          }
        }
      }
    },
    "animation.anged.anged.stage25": {
      "loop": "loop",
      "animation_length": 4.0,
      "bones": {
        "mainbody": {
          "position": {
            "x": {
              "0.0000": 0.16,
              "0.0667": -0.151306,
              "0.1333": 0.127153,
              "0.2000": -0.0898,
              "0.2333": 0.144864,
              "0.2667": 0.0427,
              "0.3000": -0.1591,
              "0.3667": 0.155839,
              "0.4000": -0.0593,
              "0.4333": -0.136903,
              "0.5000": 0.1035,
              "0.5333": -0.136882,
              "0.5667": -0.058963,
              "0.6000": 0.1563,
              "0.6667": -0.158632,
              "0.7000": 0.0429,
              "0.7333": 0.144864,
              "0.7667": -0.089558,
              "0.8333": 0.127253,
              "0.9000": -0.1517,
              "0.9667": 0.15969,
              "1.0333": -0.151306,
              "1.1000": 0.1272,
              "1.1667": -0.089258,
              "1.2000": 0.1453,
              "1.2333": 0.042502,
              "1.2667": -0.158732,
              "1.3333": 0.155907,
              "1.4000": -0.137,
              "1.4667": 0.10304,
              "1.5000": -0.1372,
              "1.5333": -0.058764,
              "1.5667": 0.155939,
              "1.6333": -0.158632,
              "1.6667": 0.043001,
              "1.7000": 0.1451,
              "1.7333": -0.089757,
              "1.8000": 0.1276,
              "1.8667": -0.151406,
              "1.9333": 0.15969,
              "2.0000": -0.1515,
              "2.0667": 0.126853,
              "2.1333": -0.089059,
              "2.1667": 0.145064,
              "2.2000": 0.0424,
              "2.2333": -0.158742,
              "2.3000": 0.1562,
              "2.3667": -0.136634,
              "2.4333": 0.102841,
              "2.4667": -0.136983,
              "2.5000": -0.0588,
              "2.5333": 0.156038,
              "2.6000": -0.159,
              "2.6333": 0.043199,
              "2.6667": 0.144664,
              "2.7000": -0.0902,
              "2.7667": 0.127452,
              "2.8333": -0.151505,
              "2.9000": 0.16,
              "2.9667": -0.151106,
              "3.0333": 0.126754,
              "3.1000": -0.0893,
              "3.1333": 0.145163,
              "3.1667": 0.042102,
              "3.2000": -0.1591,
              "3.2667": -0.165971,
              "3.3333": -0.110074,
              "3.4000": -0.00827,
              "3.6000": 0.401646,
              "3.6667": 0.516455,
              "3.7333": 0.591829,
              "3.8000": 0.610964,
              "3.8667": 0.556657,
              "3.9333": 0.393363,
              "4.0000": 0.16
            },
            "z": {
              "0.0000": -0.32,
              "0.0667": 0.317269,
              "0.1333": -0.310981,
              "0.2000": 0.3012,
              "0.2333": 0.125066,
              "0.2667": -0.286262,
              "0.3000": -0.1582,
              "0.3333": 0.268095,
              "0.3667": 0.188744,
              "0.4000": -0.2469,
              "0.4333": -0.2172,
              "0.5000": 0.2429,
              "0.5333": -0.193635,
              "0.5667": -0.264702,
              "0.6000": 0.1636,
              "0.6333": 0.283468,
              "0.6667": -0.130655,
              "0.7000": -0.299,
              "0.7333": 0.096418,
              "0.7667": 0.309575,
              "0.8333": -0.31647,
              "0.9000": 0.3199,
              "0.9667": -0.317867,
              "1.0333": 0.312279,
              "1.1000": -0.3032,
              "1.1667": 0.289069,
              "1.2000": 0.1528,
              "1.2333": -0.271389,
              "1.2667": -0.183754,
              "1.3000": 0.2508,
              "1.3333": 0.212713,
              "1.4000": -0.2389,
              "1.4667": 0.261022,
              "1.5000": -0.1688,
              "1.5333": -0.280573,
              "1.5667": 0.136245,
              "1.6000": 0.2968,
              "1.6333": -0.102307,
              "1.6667": -0.307921,
              "1.7000": 0.067,
              "1.7333": 0.315635,
              "1.8000": -0.3198,
              "1.8667": 0.318466,
              "1.9333": -0.313576,
              "2.0000": 0.3051,